w_if,w_lof,w_z,w_ae,stability,br_rank_corr,objective
0.4,0.15000000000000002,0.30000000000000004,0.15000000000000002,0.8329411764705881,0.5502482399663584,0.8040326482268836
0.55,0.1,0.05,0.30000000000000004,0.8411764705882352,0.5300095077532496,0.80309061223243
0.5,0.1,0.35000000000000003,0.05,0.8188235294117646,0.5745405004378509,0.8030468898153451
0.4,0.15000000000000002,0.25,0.2,0.8341176470588233,0.5411504095430606,0.8023464259151768
0.4,0.05,0.35000000000000003,0.2,0.8258823529411764,0.5541686885838374,0.8014833486165476
0.2,0.05,0.6000000000000001,0.15000000000000002,0.8223529411764706,0.5595323888782356,0.8010595678077943
0.25,0.05,0.6000000000000001,0.1,0.8188235294117646,0.5664359607937247,0.8010207549043136
0.35000000000000003,0.05,0.4,0.2,0.8247058823529411,0.5538240168582477,0.8008089453910325
0.30000000000000004,0.1,0.35000000000000003,0.25,0.8305882352941175,0.5416898242892649,0.800716573719375
0.2,0.15000000000000002,0.55,0.1,0.8211764705882352,0.5596730540936286,0.8005064988175248
0.1,0.05,0.2,0.65,0.844705882352941,0.5117564482278083,0.8002920532334226
0.2,0.1,0.65,0.05,0.8141176470588234,0.5717266717815276,0.7999904914747936
0.1,0.05,0.8,0.05,0.8117647058823527,0.5752230273589605,0.7996881097809165
0.1,0.2,0.65,0.05,0.8176470588235294,0.562204783274748,0.7993747252304517
0.35000000000000003,0.1,0.45,0.1,0.8152941176470587,0.5662931282713353,0.7992203408913632
0.05,0.1,0.8,0.05,0.8117647058823527,0.5730091931750532,0.7991346512349397
0.7000000000000001,0.05,0.2,0.05,0.8094117647058823,0.5772463133099882,0.7990174606804382
0.6000000000000001,0.05,0.30000000000000004,0.05,0.8094117647058823,0.5767167912715265,0.7988850801708227
0.1,0.30000000000000004,0.5,0.1,0.8352941176470589,0.5248034615645724,0.7988479242146724
0.25,0.1,0.6000000000000001,0.05,0.8105882352941177,0.5729917498493869,0.7985420551094056
0.45,0.1,0.05,0.4,0.8376470588235294,0.5188042858848297,0.7985246008829722
0.35000000000000003,0.25,0.35000000000000003,0.05,0.82,0.5537043954946606,0.7984260988736651
0.75,0.15000000000000002,0.05,0.05,0.8141176470588235,0.5647254661814978,0.7982401900747862
0.6000000000000001,0.1,0.2,0.1,0.8141176470588235,0.5645899395810807,0.798206308424682
0.2,0.05,0.05,0.7000000000000001,0.8423529411764705,0.5068327462102861,0.7978846571408068
0.45,0.30000000000000004,0.2,0.05,0.8258823529411764,0.5397327810278915,0.7978743717275611
0.25,0.1,0.45,0.2,0.82,0.549776326346129,0.7974440815865322
0.2,0.15000000000000002,0.6000000000000001,0.05,0.8105882352941175,0.5685320962250903,0.7974271417033314
0.05,0.1,0.75,0.1,0.8117647058823529,0.5651431971268119,0.7971681522228795
0.75,0.05,0.1,0.1,0.8117647058823529,0.5648342160535372,0.7970909069545608
0.05,0.05,0.8500000000000001,0.05,0.8070588235294117,0.5741525874420224,0.7970675586252114
0.65,0.2,0.1,0.05,0.8141176470588235,0.5598431527362979,0.7970196117134862
0.5,0.05,0.35000000000000003,0.1,0.8094117647058822,0.5685289850908531,0.7968381286256543
0.35000000000000003,0.05,0.45,0.15000000000000002,0.8129411764705883,0.5612141491944753,0.7967741255339129
0.2,0.30000000000000004,0.45,0.05,0.8235294117647058,0.5399921587361953,0.7967627455664017
0.55,0.05,0.2,0.2,0.816470588235294,0.5529627220664822,0.7964759746342676
0.15000000000000002,0.1,0.45,0.30000000000000004,0.8258823529411764,0.5338962582425878,0.7964152410312351
0.25,0.2,0.5,0.05,0.8117647058823529,0.5616799803724885,0.7963023480342986
0.55,0.1,0.15000000000000002,0.2,0.8188235294117647,0.5473772223705762,0.7962560702985264
0.30000000000000004,0.05,0.6000000000000001,0.05,0.804705882352941,0.5755891624151295,0.7962502317802529
0.55,0.05,0.35000000000000003,0.05,0.8035294117647059,0.5778060727767093,0.7962162240765303
0.2,0.1,0.55,0.15000000000000002,0.8129411764705883,0.5573338656695626,0.7958040546526848
0.1,0.1,0.75,0.05,0.804705882352941,0.5736686487636181,0.795770103367375
0.30000000000000004,0.05,0.55,0.1,0.808235294117647,0.5665835124523164,0.7957635251719026
0.25,0.1,0.55,0.1,0.8094117647058823,0.564048077875364,0.7957179018217821
0.6000000000000001,0.05,0.15000000000000002,0.2,0.8152941176470588,0.5518621495909783,0.795612596221274
0.4,0.05,0.4,0.15000000000000002,0.8105882352941177,0.5609559250527988,0.7955330989102585
0.4,0.1,0.45,0.05,0.8035294117647059,0.5744741179219386,0.7953832353628376
0.65,0.15000000000000002,0.05,0.15000000000000002,0.8176470588235294,0.5462112811195294,0.795376349691647
0.35000000000000003,0.2,0.4,0.05,0.8094117647058822,0.5626271634431356,0.7953626732137249
0.35000000000000003,0.1,0.4,0.15000000000000002,0.811764705882353,0.5579078175014549,0.7953593073165403
0.30000000000000004,0.25,0.35000000000000003,0.1,0.8188235294117647,0.5437877075488536,0.7953586915930958
0.45,0.15000000000000002,0.15000000000000002,0.25,0.8247058823529411,0.5319766884183169,0.7953471132810497
0.2,0.35000000000000003,0.4,0.05,0.8294117647058825,0.5224299807507699,0.7953133775406337
0.75,0.05,0.05,0.15000000000000002,0.8117647058823527,0.5577128647414535,0.7953105691265397
0.25,0.30000000000000004,0.4,0.05,0.8211764705882352,0.5385709646514513,0.7952309764569804
0.15000000000000002,0.1,0.65,0.1,0.808235294117647,0.5643505220710844,0.7952052775765945
0.30000000000000004,0.1,0.55,0.05,0.8035294117647058,0.5736640694536738,0.7951807232457714
0.5,0.05,0.4,0.05,0.8011764705882353,0.5774721327164092,0.7949562684732199
0.5,0.1,0.30000000000000004,0.1,0.8070588235294118,0.5653486368561517,0.7948665709787438
0.1,0.05,0.75,0.1,0.804705882352941,0.5686215850301115,0.7945083374339984
0.5,0.1,0.25,0.15000000000000002,0.8105882352941177,0.5567505105218301,0.7944817452775164
0.30000000000000004,0.15000000000000002,0.30000000000000004,0.25,0.8223529411764704,0.5330196524755884,0.7944313837071323
0.1,0.1,0.65,0.15000000000000002,0.8105882352941174,0.5560184851054432,0.7942987389234195
0.55,0.2,0.15000000000000002,0.1,0.8141176470588235,0.5489413188908386,0.7942941532521215
0.45,0.05,0.45,0.05,0.8,0.5768931471392343,0.7942232867848086
0.15000000000000002,0.1,0.7000000000000001,0.05,0.8011764705882353,0.5743763444111399,0.7941823213969026
0.15000000000000002,0.05,0.55,0.25,0.8164705882352941,0.5437481716744478,0.794172337036259
0.65,0.05,0.25,0.05,0.8,0.5766159765396197,0.794153994134905
0.15000000000000002,0.15000000000000002,0.65,0.05,0.8023529411764706,0.5715511199148022,0.7940642505669359
0.2,0.05,0.45,0.30000000000000004,0.8188235294117646,0.5385404475706763,0.7940468765985513
0.05,0.2,0.7000000000000001,0.05,0.8070588235294117,0.5613920781075841,0.7938774312916019
0.15000000000000002,0.05,0.6000000000000001,0.2,0.8129411764705883,0.5491596226359003,0.7937604938942693
0.7000000000000001,0.1,0.05,0.15000000000000002,0.8105882352941175,0.5534365233411926,0.7936532484823569
0.2,0.1,0.5,0.2,0.8129411764705882,0.5486062602204758,0.7936221532904131
0.5,0.2,0.1,0.2,0.8223529411764704,0.5297545345720679,0.7936151042312523
0.05,0.05,0.8,0.1,0.8035294117647058,0.5671604705487525,0.7935548235195411
0.55,0.1,0.25,0.1,0.804705882352941,0.5647692318002034,0.7935452491265214
0.25,0.15000000000000002,0.30000000000000004,0.30000000000000004,0.8247058823529412,0.5245792851166813,0.793497762455641
0.2,0.05,0.65,0.1,0.8035294117647059,0.566696352242398,0.7934387939429525
0.6000000000000001,0.1,0.25,0.05,0.8,0.5736909510517445,0.7934227377629361
0.65,0.1,0.2,0.05,0.8,0.5734405921370718,0.793360148034268
0.15000000000000002,0.15000000000000002,0.6000000000000001,0.1,0.8070588235294117,0.5587233541503402,0.7932102503022909
0.7000000000000001,0.05,0.15000000000000002,0.1,0.8035294117647058,0.5657702829366856,0.7932072766165243
0.65,0.15000000000000002,0.1,0.1,0.808235294117647,0.5562302170163861,0.7931752013129201
0.15000000000000002,0.05,0.5,0.30000000000000004,0.8176470588235293,0.5373691929218315,0.7931658276422224
0.05,0.25,0.6000000000000001,0.1,0.8152941176470588,0.5419744755936744,0.7931406777219481
0.7000000000000001,0.2,0.05,0.05,0.8070588235294117,0.5582592008874213,0.7930942119865612
0.2,0.2,0.45,0.15000000000000002,0.8152941176470587,0.541362106497439,0.7929875854478892
0.30000000000000004,0.1,0.2,0.4,0.8247058823529411,0.5225043683199437,0.7929790332564565
0.5,0.2,0.2,0.1,0.8105882352941177,0.5507168327129639,0.7929733258252998
0.30000000000000004,0.2,0.4,0.1,0.8094117647058823,0.5529691890309076,0.7929481796106681
0.45,0.15000000000000002,0.05,0.35000000000000003,0.8282352941176468,0.5149924473131323,0.7928657588871064
0.5,0.15000000000000002,0.30000000000000004,0.05,0.8011764705882354,0.5691007346591844,0.7928634189589138
0.1,0.15000000000000002,0.65,0.1,0.8058823529411764,0.5591358765675496,0.7927251456124755
0.4,0.1,0.4,0.1,0.8023529411764706,0.5659448909761705,0.792662693332278
0.75,0.1,0.05,0.1,0.804705882352941,0.5612133451934928,0.7926562774748438
0.35000000000000003,0.15000000000000002,0.45,0.05,0.7999999999999997,0.5702523437188021,0.7925630859297004
0.2,0.2,0.5,0.1,0.8094117647058823,0.55121395001617,0.7925093698569836
0.05,0.15000000000000002,0.65,0.15000000000000002,0.8105882352941177,0.5482307218484667,0.7923517981091754
0.30000000000000004,0.15000000000000002,0.5,0.05,0.7999999999999998,0.5693368662521214,0.7923342165630303
0.15000000000000002,0.05,0.75,0.05,0.796470588235294,0.5763241591394956,0.792316333902521
0.7000000000000001,0.15000000000000002,0.05,0.1,0.8070588235294117,0.5550279908514285,0.792286409477563
0.75,0.05,0.15000000000000002,0.05,0.7964705882352942,0.5760898452879106,0.7922577554396247
0.5,0.15000000000000002,0.05,0.30000000000000004,0.8235294117647058,0.5219072402858135,0.7922415159538063
0.05,0.05,0.65,0.25,0.8141176470588236,0.5401250286377133,0.7920900806888401
0.65,0.1,0.15000000000000002,0.1,0.8023529411764707,0.5632912332982095,0.7919992789127878
0.55,0.15000000000000002,0.25,0.05,0.7999999999999998,0.5679253551357332,0.7919813387839332
0.05,0.15000000000000002,0.7000000000000001,0.1,0.8035294117647058,0.5608651778114568,0.7919810003352171
0.2,0.05,0.55,0.2,0.808235294117647,0.5514500116959782,0.7919801499828181
0.30000000000000004,0.15000000000000002,0.45,0.1,0.8035294117647058,0.5607621957725535,0.7919552548254913
0.4,0.15000000000000002,0.4,0.05,0.7988235294117646,0.5699469631716669,0.791898505498799
0.25,0.05,0.5,0.2,0.8070588235294117,0.5533768175290925,0.791873616146979
0.4,0.2,0.25,0.15000000000000002,0.8129411764705882,0.5414955706605528,0.7918444809004324
0.1,0.05,0.65,0.2,0.8094117647058823,0.5484527659459256,0.7918190738394225
0.55,0.05,0.25,0.15000000000000002,0.8035294117647059,0.5599727367207563,0.791757890062542
0.55,0.1,0.1,0.25,0.8141176470588234,0.5387370083326429,0.7917430756125724
0.05,0.05,0.7000000000000001,0.2,0.8094117647058822,0.5477257043616922,0.7916373084433641
0.5,0.2,0.25,0.05,0.8023529411764705,0.5616988918738621,0.7916011935567008
0.25,0.1,0.2,0.45,0.823529411764706,0.5190656910738722,0.7915311286508211
0.15000000000000002,0.15000000000000002,0.55,0.15000000000000002,0.8082352941176469,0.5491765416130997,0.7914117824620984
0.6000000000000001,0.30000000000000004,0.05,0.05,0.8141176470588234,0.5370778299570454,0.791328281018673
0.25,0.1,0.5,0.15000000000000002,0.8035294117647059,0.5579464095486203,0.7912513082695081
0.1,0.05,0.7000000000000001,0.15000000000000002,0.8035294117647058,0.5577511072229744,0.7912024826880966
0.45,0.15000000000000002,0.2,0.2,0.8117647058823529,0.540887501221746,0.791104228246613
0.25,0.05,0.2,0.5,0.8199999999999998,0.5235134245096876,0.7908783561274219
0.2,0.05,0.7000000000000001,0.05,0.7941176470588235,0.575254663049798,0.7908724892918613
0.45,0.1,0.4,0.05,0.7941176470588234,0.5752430924269613,0.790869596636152
0.6000000000000001,0.25,0.1,0.05,0.8058823529411764,0.551475529988035,0.7908100589675969
0.1,0.15000000000000002,0.6000000000000001,0.15000000000000002,0.8070588235294117,0.5489001750144675,0.7907544555183228
0.1,0.35000000000000003,0.4,0.15000000000000002,0.8352941176470587,0.49229396148513016,0.7907205491948119
0.45,0.1,0.25,0.2,0.8070588235294117,0.5486945255457409,0.790703043151141
0.4,0.2,0.05,0.35000000000000003,0.8305882352941175,0.5015705597790838,0.7906867575918297
0.30000000000000004,0.05,0.1,0.55,0.8211764705882352,0.519667398417947,0.7905050848986044
0.5,0.05,0.15000000000000002,0.30000000000000004,0.811764705882353,0.538459278427997,0.7904971725481758
0.4,0.1,0.35000000000000003,0.15000000000000002,0.8023529411764706,0.5571514972727672,0.790464344906427
0.1,0.25,0.45,0.2,0.8235294117647058,0.5143842030915033,0.7903607566552288
0.35000000000000003,0.05,0.05,0.55,0.8211764705882352,0.5190463950502896,0.79034983405669
0.15000000000000002,0.30000000000000004,0.45,0.1,0.8176470588235293,0.5260272908863673,0.7903303521333565
0.45,0.1,0.35000000000000003,0.1,0.7976470588235293,0.5659881672029736,0.7903205712125081
0.25,0.2,0.45,0.1,0.8047058823529412,0.5516264025202505,0.7902595418065332
0.1,0.05,0.6000000000000001,0.25,0.8094117647058823,0.5416086201900211,0.7901080374004464
0.30000000000000004,0.1,0.45,0.15000000000000002,0.8011764705882353,0.5579923075177582,0.7900863121735572
0.35000000000000003,0.25,0.30000000000000004,0.1,0.8082352941176468,0.5434422667788457,0.7899782137535348
0.15000000000000002,0.30000000000000004,0.4,0.15000000000000002,0.8247058823529412,0.5104357892224551,0.7899618884820844
0.1,0.1,0.55,0.25,0.8105882352941177,0.5385807524895004,0.7899393057694339
0.6000000000000001,0.15000000000000002,0.05,0.2,0.8105882352941175,0.5382929900508538,0.7898673651597723
0.4,0.05,0.45,0.1,0.7952941176470588,0.5687976612453038,0.7898464741348554
0.45,0.25,0.15000000000000002,0.15000000000000002,0.8152941176470585,0.5285565031948455,0.7897861846222406
0.15000000000000002,0.05,0.65,0.15000000000000002,0.7999999999999998,0.5591158814126778,0.7897789703531694
0.5,0.05,0.1,0.35000000000000003,0.8141176470588235,0.5308575540070841,0.7897732120311828
0.2,0.1,0.6000000000000001,0.1,0.7976470588235293,0.5637731095393104,0.7897668067965922
0.05,0.05,0.45,0.45,0.8176470588235293,0.5236473780647037,0.7897353739279406
0.8,0.1,0.05,0.05,0.7941176470588235,0.5706377048854249,0.789718249750768
0.35000000000000003,0.25,0.25,0.15000000000000002,0.8141176470588235,0.5305156438500868,0.7896877344919335
0.30000000000000004,0.05,0.5,0.15000000000000002,0.7988235294117646,0.5609425017320455,0.7896473901388936
0.25,0.2,0.4,0.15000000000000002,0.808235294117647,0.5417213201538448,0.7895479770972846
0.25,0.05,0.35000000000000003,0.35000000000000003,0.8129411764705883,0.5322181334090521,0.7895251215875572
0.5,0.1,0.2,0.2,0.8047058823529412,0.5486859262308834,0.7895244227341914
0.1,0.1,0.6000000000000001,0.2,0.8058823529411764,0.5462903179117767,0.7895137559485323
0.35000000000000003,0.05,0.1,0.5,0.8176470588235293,0.5225908508604213,0.7894712421268699
0.45,0.05,0.30000000000000004,0.2,0.8023529411764706,0.5530443806010643,0.7894375657385013
0.5,0.05,0.25,0.2,0.8023529411764705,0.5528444989654737,0.7893875953296037
0.15000000000000002,0.2,0.35000000000000003,0.30000000000000004,0.8223529411764706,0.512801474722383,0.7893768392688311
0.15000000000000002,0.15000000000000002,0.45,0.25,0.8129411764705883,0.5313833007365841,0.7893164134194401
0.25,0.1,0.30000000000000004,0.35000000000000003,0.8152941176470587,0.5265951602760434,0.7892958488925402
0.35000000000000003,0.35000000000000003,0.2,0.1,0.8235294117647058,0.5100309572494273,0.7892724451947097
0.1,0.1,0.7000000000000001,0.1,0.7952941176470587,0.566484305722375,0.7892681352541231
0.25,0.15000000000000002,0.5,0.1,0.7988235294117646,0.5592981099832152,0.789236292201686
0.35000000000000003,0.2,0.25,0.2,0.8129411764705883,0.5309942691306927,0.7892191555179673
0.6000000000000001,0.2,0.15000000000000002,0.05,0.7976470588235294,0.5614996044998675,0.7891984305367316
0.05,0.30000000000000004,0.4,0.25,0.8352941176470589,0.4859703888871853,0.7891396560453258
0.1,0.25,0.6000000000000001,0.05,0.801176470588235,0.5538665939537616,0.789054883782558
0.4,0.30000000000000004,0.2,0.1,0.8152941176470588,0.5254951820621353,0.7890208543390633
0.15000000000000002,0.15000000000000002,0.5,0.2,0.8082352941176469,0.5393983166191245,0.7889672262136046
0.05,0.15000000000000002,0.6000000000000001,0.2,0.8094117647058822,0.5365701208148075,0.788848412556643
0.45,0.25,0.2,0.1,0.8070588235294117,0.5411751238341348,0.7888231927232396
0.35000000000000003,0.15000000000000002,0.35000000000000003,0.15000000000000002,0.8023529411764705,0.5503752721216113,0.7887702886186381
0.4,0.1,0.25,0.25,0.8070588235294118,0.5406851027135143,0.7887006874430845
0.1,0.15000000000000002,0.55,0.2,0.8082352941176469,0.5382808601229858,0.7886878620895699
0.5,0.05,0.05,0.4,0.8141176470588235,0.5259867762281565,0.7885555175864509
0.65,0.05,0.05,0.25,0.8058823529411764,0.5424184239623348,0.7885457824611719
0.6000000000000001,0.2,0.05,0.15000000000000002,0.8082352941176469,0.5376900941835875,0.7885401706047204
0.6000000000000001,0.1,0.1,0.2,0.8035294117647058,0.5469868973717998,0.7885114302253029
0.2,0.2,0.4,0.2,0.8117647058823529,0.5302349426374614,0.7884410886005419
0.65,0.05,0.2,0.1,0.7929411764705881,0.5677736086894061,0.7884139904076456
0.30000000000000004,0.1,0.1,0.5,0.8188235294117646,0.5157230744669409,0.7883425333226175
0.55,0.1,0.30000000000000004,0.05,0.7894117647058824,0.5744390914443482,0.7883156552140282
0.45,0.15000000000000002,0.35000000000000003,0.05,0.7917647058823527,0.5691786877979335,0.7881770248906597
0.8,0.05,0.05,0.1,0.7941176470588235,0.5643138526349644,0.7881372866881529
0.55,0.30000000000000004,0.1,0.05,0.8070588235294117,0.5381461724801158,0.7880659548847349
0.35000000000000003,0.05,0.55,0.05,0.7882352941176471,0.5755348399139564,0.7880013570373127
0.15000000000000002,0.15000000000000002,0.25,0.45,0.8211764705882352,0.5095499199658735,0.787975715285586
0.45,0.25,0.25,0.05,0.7988235294117646,0.5541727785018794,0.7879549593313522
0.45,0.05,0.4,0.1,0.7917647058823527,0.5682457670055867,0.787943794692573
0.15000000000000002,0.2,0.4,0.25,0.8152941176470587,0.5211517240581085,0.7879349898380565
0.7000000000000001,0.1,0.15000000000000002,0.05,0.7894117647058821,0.5728081579728355,0.78790792184615
0.25,0.05,0.65,0.05,0.7882352941176471,0.5750924645906969,0.7878907632064978
0.25,0.05,0.15000000000000002,0.55,0.8152941176470585,0.5208577393509878,0.7878614936612762
0.55,0.05,0.1,0.30000000000000004,0.8070588235294116,0.5372946655263997,0.7878530781463058
0.55,0.15000000000000002,0.2,0.1,0.796470588235294,0.5583194660045528,0.7878151606187852
0.4,0.25,0.30000000000000004,0.05,0.7988235294117646,0.553587011351199,0.787808517543682
0.35000000000000003,0.05,0.5,0.1,0.7917647058823529,0.567579145321307,0.7877771392715032
0.05,0.25,0.65,0.05,0.7988235294117646,0.553334659912352,0.7877454296839703
0.4,0.05,0.30000000000000004,0.25,0.8023529411764707,0.5462354361055722,0.7877353296146284
0.6000000000000001,0.15000000000000002,0.1,0.15000000000000002,0.8011764705882354,0.5481916753659631,0.7876361541356085
0.45,0.1,0.1,0.35000000000000003,0.8129411764705883,0.524474730032377,0.7875892707433884
0.65,0.1,0.1,0.15000000000000002,0.7976470588235294,0.5550219084092122,0.7875790065140678
0.25,0.30000000000000004,0.30000000000000004,0.15000000000000002,0.8188235294117646,0.5125476900643929,0.7875486872219806
0.35000000000000003,0.2,0.15000000000000002,0.30000000000000004,0.8188235294117646,0.5125453130180095,0.7875480929603846
0.1,0.2,0.55,0.15000000000000002,0.8058823529411764,0.5381908120129331,0.7874888794738215
0.55,0.2,0.2,0.05,0.7941176470588235,0.5617175936358489,0.787488221938374
0.4,0.05,0.5,0.05,0.7870588235294117,0.5756314249015634,0.7874372679900967
0.2,0.2,0.55,0.05,0.7941176470588235,0.5612696252622758,0.7873762298449807
0.2,0.4,0.35000000000000003,0.05,0.8211764705882352,0.5068076823535672,0.7872901558825094
0.30000000000000004,0.05,0.35000000000000003,0.30000000000000004,0.8047058823529412,0.5393863964306431,0.7871995402841314
0.15000000000000002,0.05,0.1,0.7000000000000001,0.8211764705882352,0.5064216919687841,0.7871936582863136
0.65,0.15000000000000002,0.15000000000000002,0.05,0.7905882352941176,0.5675213271636879,0.7871744494379808
0.4,0.05,0.15000000000000002,0.4,0.8105882352941177,0.5274729545662344,0.7871623562886174
0.25,0.15000000000000002,0.4,0.2,0.8035294117647058,0.5414876005638556,0.7871366060233168
0.4,0.15000000000000002,0.1,0.35000000000000003,0.816470588235294,0.515458243534581,0.7870998550012922
0.25,0.15000000000000002,0.55,0.05,0.7894117647058824,0.569562126353511,0.787096413941319
0.35000000000000003,0.1,0.5,0.05,0.7870588235294117,0.5738220731250394,0.7869849300459657
0.05,0.2,0.6000000000000001,0.15000000000000002,0.8047058823529412,0.5385241228550729,0.7869839718902388
0.15000000000000002,0.2,0.55,0.1,0.7988235294117646,0.5502715559948542,0.7869796537045959
0.8500000000000001,0.05,0.05,0.05,0.7870588235294117,0.5734778558347876,0.7868988757234028
0.05,0.1,0.7000000000000001,0.15000000000000002,0.7964705882352939,0.5544678818190628,0.7868522645724128
0.5,0.30000000000000004,0.05,0.15000000000000002,0.8188235294117646,0.5095121319196907,0.7867897976858049
0.15000000000000002,0.1,0.5,0.25,0.8035294117647058,0.5399652421815601,0.786756016427743
0.55,0.25,0.1,0.1,0.8035294117647058,0.5398474735158895,0.7867265742613253
0.45,0.05,0.2,0.30000000000000004,0.8035294117647058,0.5395866975450072,0.7866613802686047
0.05,0.05,0.6000000000000001,0.30000000000000004,0.8058823529411764,0.5347921949897344,0.7866392252180219
0.5,0.30000000000000004,0.1,0.1,0.8117647058823527,0.5229912783063272,0.7866301725177581
0.6000000000000001,0.1,0.15000000000000002,0.15000000000000002,0.7952941176470587,0.5557999366644303,0.786597042989637
0.55,0.15000000000000002,0.1,0.2,0.8035294117647059,0.5392625453227563,0.786580342213042
0.30000000000000004,0.30000000000000004,0.35000000000000003,0.05,0.8035294117647058,0.5391495307498525,0.7865520885698161
0.1,0.1,0.5,0.30000000000000004,0.8070588235294116,0.5320675055727877,0.7865462881579027
0.30000000000000004,0.15000000000000002,0.25,0.30000000000000004,0.8105882352941175,0.5249698548114088,0.786536581349911
0.15000000000000002,0.2,0.6000000000000001,0.05,0.7917647058823529,0.5623655135581418,0.786473731330712
0.25,0.2,0.35000000000000003,0.2,0.8070588235294117,0.5316638621229515,0.7864453772954437
0.2,0.15000000000000002,0.5,0.15000000000000002,0.7976470588235294,0.5501766139657769,0.7863676829032089
0.4,0.2,0.30000000000000004,0.1,0.7964705882352939,0.5524578094494013,0.7863497464799973
0.2,0.1,0.25,0.45,0.8129411764705883,0.5194325602178951,0.786328728289768
0.5,0.1,0.05,0.35000000000000003,0.8105882352941177,0.5241210045565917,0.7863243687862067
0.5,0.1,0.1,0.30000000000000004,0.8070588235294117,0.5311575162867277,0.7863187908363878
0.05,0.2,0.65,0.1,0.796470588235294,0.5521810233719957,0.786280549960646
0.65,0.2,0.05,0.1,0.7988235294117646,0.54738250081181,0.7862573899088348
0.30000000000000004,0.15000000000000002,0.4,0.15000000000000002,0.796470588235294,0.5518372605170818,0.7861946092469174
0.15000000000000002,0.1,0.30000000000000004,0.45,0.8129411764705882,0.5187172090827562,0.7861498905059832
0.4,0.25,0.2,0.15000000000000002,0.8070588235294116,0.530095291162438,0.7860532345553153
0.2,0.25,0.5,0.05,0.7952941176470588,0.5533733568292108,0.785990398030832
0.4,0.15000000000000002,0.35000000000000003,0.1,0.7917647058823529,0.5603518756189051,0.7859703218459028
0.55,0.2,0.1,0.15000000000000002,0.8023529411764706,0.5391182795812238,0.7859560404835413
0.15000000000000002,0.15000000000000002,0.4,0.30000000000000004,0.8094117647058823,0.5249008855097265,0.7859311037303728
0.30000000000000004,0.2,0.30000000000000004,0.2,0.8058823529411764,0.5318846827406545,0.7859123471557519
0.45,0.05,0.35000000000000003,0.15000000000000002,0.7917647058823529,0.5599743097661571,0.7858759303827157
0.35000000000000003,0.1,0.35000000000000003,0.2,0.796470588235294,0.550175565268843,0.7857791854348578
0.05,0.30000000000000004,0.6000000000000001,0.05,0.8011764705882353,0.5403291050610391,0.7856705115593774
0.55,0.05,0.05,0.35000000000000003,0.8058823529411765,0.5308956217057825,0.7856650818970339
0.05,0.1,0.25,0.6000000000000001,0.8199999999999998,0.502464119479847,0.7856160298699617
0.1,0.15000000000000002,0.4,0.35000000000000003,0.8129411764705883,0.5165754902913329,0.7856144608081274
0.2,0.1,0.45,0.25,0.8011764705882353,0.54009765764774,0.7856126497060527
0.1,0.15000000000000002,0.7000000000000001,0.05,0.7858823529411763,0.5703574231515731,0.7855305322584814
0.7000000000000001,0.05,0.1,0.15000000000000002,0.7917647058823529,0.5582521047048357,0.7854453791173854
0.25,0.1,0.4,0.25,0.8,0.5416513720683575,0.7854128430170894
0.75,0.1,0.1,0.05,0.7847058823529411,0.5722239988241205,0.7854089408825007
0.05,0.2,0.4,0.35000000000000003,0.8188235294117645,0.5034999523979683,0.7852867528053743
0.1,0.15000000000000002,0.45,0.30000000000000004,0.8094117647058825,0.5223081221670574,0.7852829128947056
0.45,0.25,0.1,0.2,0.8129411764705883,0.51515226872585,0.7852586554167567
0.05,0.15000000000000002,0.5,0.30000000000000004,0.8094117647058822,0.5221068422688883,0.7852325929201631
0.4,0.1,0.05,0.45,0.8117647058823529,0.5173283847767034,0.7852144491353523
0.45,0.05,0.1,0.4,0.8070588235294117,0.526509306953726,0.7851567385031373
0.7000000000000001,0.15000000000000002,0.1,0.05,0.7870588235294116,0.5664617237817328,0.785144842710139
0.30000000000000004,0.2,0.45,0.05,0.7894117647058824,0.5615208231344955,0.7850860881365651
0.1,0.25,0.55,0.1,0.8,0.5402446500013004,0.7850611625003251
0.35000000000000003,0.15000000000000002,0.15000000000000002,0.35000000000000003,0.8117647058823529,0.5166311061853911,0.7850401294875242
0.5,0.15000000000000002,0.25,0.1,0.7905882352941177,0.5589772436780236,0.7850384285665648
0.25,0.15000000000000002,0.35000000000000003,0.25,0.8035294117647058,0.532934253588609,0.7849982692795052
0.6000000000000001,0.05,0.25,0.1,0.7858823529411764,0.5677721405136986,0.7848842115990129
0.2,0.2,0.25,0.35000000000000003,0.8176470588235294,0.5039763404584487,0.7848176145263769
0.25,0.25,0.35000000000000003,0.15000000000000002,0.8035294117647056,0.5318140005673134,0.7847182060241812
0.05,0.1,0.4,0.45,0.8105882352941175,0.5173387668763485,0.7846288093661459
0.45,0.1,0.30000000000000004,0.15000000000000002,0.7905882352941176,0.5570006946536806,0.784544291310479
0.05,0.05,0.35000000000000003,0.55,0.8105882352941177,0.5164905458396917,0.7844167541069818
0.15000000000000002,0.05,0.2,0.6000000000000001,0.8105882352941177,0.5164012667740572,0.7843944343405731
0.2,0.05,0.2,0.55,0.8082352941176469,0.5209473679822669,0.7843544890543902
0.2,0.05,0.15000000000000002,0.6000000000000001,0.8105882352941177,0.5158834551846899,0.7842649814432314
0.1,0.2,0.45,0.25,0.8082352941176469,0.5200179428463664,0.7841221327704151
0.4,0.1,0.2,0.30000000000000004,0.8011764705882353,0.5340614629662326,0.7841036010356758
0.30000000000000004,0.25,0.30000000000000004,0.15000000000000002,0.8023529411764706,0.5316095745783429,0.784078864232821
0.6000000000000001,0.05,0.2,0.15000000000000002,0.7882352941176469,0.5596642450393843,0.7840337083186695
0.15000000000000002,0.05,0.30000000000000004,0.5,0.8058823529411764,0.5242650605587375,0.7840074416102725
0.30000000000000004,0.30000000000000004,0.30000000000000004,0.1,0.804705882352941,0.5264832293566378,0.78397374851563
0.35000000000000003,0.30000000000000004,0.25,0.1,0.804705882352941,0.526372941395762,0.783946176525411
0.30000000000000004,0.1,0.4,0.2,0.7929411764705881,0.5498251956232462,0.7839268871411056
0.25,0.30000000000000004,0.25,0.2,0.8176470588235293,0.5003399838403478,0.7839085253718516
0.15000000000000002,0.25,0.45,0.15000000000000002,0.8035294117647058,0.5282915324362278,0.7838375889914099
0.55,0.25,0.05,0.15000000000000002,0.8047058823529412,0.5257069838862072,0.7837796871480224
0.55,0.05,0.30000000000000004,0.1,0.7835294117647058,0.5680405020590691,0.7837748313971202
0.2,0.25,0.45,0.1,0.796470588235294,0.5421269910844198,0.7837670418887519
0.45,0.2,0.25,0.1,0.7917647058823529,0.5511995129550474,0.7836822311799383
0.25,0.15000000000000002,0.45,0.15000000000000002,0.791764705882353,0.5511472528911776,0.783669166163971
0.5,0.25,0.2,0.05,0.7905882352941176,0.5533783206613643,0.7836386978123999
0.4,0.2,0.35000000000000003,0.05,0.7858823529411763,0.5627850272882434,0.783637433292649
0.25,0.05,0.4,0.30000000000000004,0.7976470588235293,0.5391594933707239,0.7836134027544457
0.30000000000000004,0.35000000000000003,0.25,0.1,0.8117647058823527,0.510876976022523,0.7836015969468071
0.1,0.30000000000000004,0.45,0.15000000000000002,0.8129411764705883,0.5084258566790516,0.783577052405057
0.5,0.05,0.30000000000000004,0.15000000000000002,0.7870588235294119,0.5600232139998387,0.7835352152646656
0.05,0.15000000000000002,0.75,0.05,0.7823529411764706,0.5692310876880612,0.7834842425102506
0.1,0.2,0.6000000000000001,0.1,0.7917647058823527,0.5503707627247958,0.7834750436223753
0.6000000000000001,0.05,0.05,0.30000000000000004,0.7988235294117646,0.536183501211864,0.7834576400088482
0.2,0.30000000000000004,0.35000000000000003,0.15000000000000002,0.8105882352941177,0.5123625600990052,0.7833847576718102
0.1,0.05,0.25,0.6000000000000001,0.8094117647058823,0.5145534627766256,0.7833442480470976
0.15000000000000002,0.2,0.25,0.4,0.8188235294117646,0.49572561246174485,0.7833431678213185
0.2,0.30000000000000004,0.30000000000000004,0.2,0.8164705882352941,0.5001195827014185,0.7832651897930016
0.30000000000000004,0.25,0.4,0.05,0.7894117647058824,0.5538854704985708,0.783177249977584
0.55,0.25,0.15000000000000002,0.05,0.7894117647058824,0.5529870518353475,0.7829526453117781
0.05,0.15000000000000002,0.55,0.25,0.8011764705882353,0.5293295326613459,0.7829206184594542
0.5,0.25,0.1,0.15000000000000002,0.8023529411764707,0.5267700479680438,0.7828689825802463
0.05,0.1,0.55,0.30000000000000004,0.8,0.530836335372456,0.782709083843114
0.30000000000000004,0.05,0.4,0.25,0.791764705882353,0.5472624599694493,0.7826979679335389
0.35000000000000003,0.1,0.05,0.5,0.8082352941176469,0.5142979302904126,0.7826921296314266
0.4,0.30000000000000004,0.15000000000000002,0.15000000000000002,0.8094117647058822,0.5117491423058359,0.7826431679294001
0.35000000000000003,0.1,0.15000000000000002,0.4,0.804705882352941,0.5208753924160409,0.7825717892804807
0.05,0.15000000000000002,0.4,0.4,0.8094117647058823,0.5112598203165046,0.7825208374320674
0.4,0.25,0.15000000000000002,0.2,0.8070588235294117,0.5155773405497011,0.7824237469021311
0.35000000000000003,0.30000000000000004,0.30000000000000004,0.05,0.7952941176470587,0.538778152209014,0.7823415968757829
0.15000000000000002,0.1,0.35000000000000003,0.4,0.8035294117647058,0.5219526838196135,0.7822528768372563
0.4,0.25,0.1,0.25,0.812941176470588,0.5030845984990375,0.7822417378600534
0.05,0.35000000000000003,0.30000000000000004,0.30000000000000004,0.8364705882352941,0.4559750348369385,0.7822290528268816
0.1,0.1,0.45,0.35000000000000003,0.8011764705882353,0.526339767616088,0.7821731771981397
0.15000000000000002,0.2,0.2,0.45,0.8188235294117646,0.49091932954424866,0.7821415970919445
0.35000000000000003,0.45,0.15000000000000002,0.05,0.8176470588235293,0.4931391063441143,0.7821083059977931
0.25,0.15000000000000002,0.15000000000000002,0.45,0.8094117647058823,0.5096090664729422,0.7821081489711768
0.05,0.2,0.30000000000000004,0.45,0.8199999999999998,0.4881814964590645,0.782045374114766
0.5,0.15000000000000002,0.1,0.25,0.7988235294117646,0.5305203629862891,0.7820418554524546
0.1,0.1,0.30000000000000004,0.5,0.8070588235294116,0.5140049593236612,0.7820306515956211
0.05,0.05,0.25,0.65,0.8094117647058823,0.5092499926427945,0.7820183805136398
0.8,0.05,0.1,0.05,0.7764705882352939,0.5748043176298413,0.7819363735251073
0.25,0.25,0.45,0.05,0.7870588235294116,0.5536004346719523,0.7819295204326939
0.5,0.35000000000000003,0.1,0.05,0.8023529411764703,0.5228033518157824,0.7818773085421807
0.35000000000000003,0.15000000000000002,0.25,0.25,0.7976470588235294,0.5321991519945496,0.7818733174104021
0.25,0.2,0.15000000000000002,0.4,0.8152941176470587,0.4964835756489622,0.7817679527357699
0.05,0.05,0.5,0.4,0.8,0.5267085593711562,0.7816771398427891
0.15000000000000002,0.15000000000000002,0.15000000000000002,0.55,0.8164705882352941,0.49350013774187196,0.7816103285531151
0.4,0.35000000000000003,0.2,0.05,0.801176470588235,0.5237778709198384,0.7815327030240771
0.30000000000000004,0.05,0.30000000000000004,0.35000000000000003,0.796470588235294,0.5330216449997627,0.7814907053675877
0.55,0.2,0.05,0.2,0.7988235294117648,0.5282719567601295,0.7814797538959148
0.35000000000000003,0.05,0.35000000000000003,0.25,0.7894117647058821,0.5470441562243876,0.781466921409038
0.5,0.15000000000000002,0.2,0.15000000000000002,0.7882352941176469,0.5493259459696078,0.7814491335512255
0.25,0.1,0.15000000000000002,0.5,0.8047058823529412,0.5159082393888931,0.7813300010236939
0.45,0.4,0.1,0.05,0.8094117647058823,0.5063127673139223,0.7812840741814218
0.45,0.05,0.05,0.45,0.8011764705882354,0.522761124285913,0.781278516365596
0.25,0.05,0.45,0.25,0.7894117647058821,0.5461025662040544,0.7812315239039547
0.05,0.1,0.5,0.35000000000000003,0.8,0.5248809602679834,0.7812202400669959
0.15000000000000002,0.05,0.15000000000000002,0.65,0.8070588235294116,0.5107580537902252,0.7812189252122621
0.25,0.05,0.05,0.65,0.8070588235294117,0.5107310323658966,0.78121216985618
0.2,0.30000000000000004,0.2,0.30000000000000004,0.8223529411764706,0.4801039083261382,0.7812024476697699
0.30000000000000004,0.25,0.25,0.2,0.8035294117647058,0.5177254214358563,0.781196061241317
0.55,0.15000000000000002,0.05,0.25,0.7976470588235293,0.5294615636053166,0.7811889203130937
0.6000000000000001,0.05,0.1,0.25,0.7905882352941176,0.5435032310272665,0.7811699254038754
0.35000000000000003,0.1,0.30000000000000004,0.25,0.7917647058823527,0.5411297152568995,0.7811647817554013
0.25,0.2,0.05,0.5,0.8199999999999998,0.4845121058875476,0.7811280264718868
0.1,0.05,0.30000000000000004,0.55,0.8023529411764706,0.5197906552642381,0.7811241344042947
0.25,0.4,0.30000000000000004,0.05,0.8082352941176469,0.5079513213164876,0.7811054773879453
0.35000000000000003,0.05,0.30000000000000004,0.30000000000000004,0.7929411764705881,0.538312845379468,0.7810487995801612
0.6000000000000001,0.15000000000000002,0.2,0.05,0.7776470588235295,0.5685574047777604,0.7809628806062048
0.15000000000000002,0.1,0.25,0.5,0.8035294117647058,0.5166276804420739,0.7809216259928714
0.25,0.05,0.30000000000000004,0.4,0.7976470588235294,0.5283639973943565,0.7809145287603538
0.1,0.15000000000000002,0.30000000000000004,0.45,0.8070588235294117,0.5093401805791049,0.780864456909482
0.45,0.05,0.15000000000000002,0.35000000000000003,0.7952941176470587,0.5328630820233655,0.7808628293293707
0.4,0.05,0.05,0.5,0.8011764705882353,0.5210820206685723,0.7808587404612608
0.15000000000000002,0.1,0.55,0.2,0.7882352941176471,0.5468046688012623,0.7808188142591391
0.30000000000000004,0.1,0.15000000000000002,0.45,0.8023529411764705,0.5184493369292883,0.7807888048205573
0.15000000000000002,0.45,0.30000000000000004,0.1,0.8235294117647058,0.4758213796139677,0.7807200507858448
0.25,0.15000000000000002,0.2,0.4,0.804705882352941,0.5133976239727083,0.7807023471696476
0.4,0.15000000000000002,0.2,0.25,0.7952941176470588,0.5320765243664188,0.7806661899151341
0.15000000000000002,0.15000000000000002,0.35000000000000003,0.35000000000000003,0.8023529411764706,0.517656382221045,0.7805905661434966
0.25,0.35000000000000003,0.25,0.15000000000000002,0.8129411764705882,0.49647476659471795,0.7805892798839735
0.2,0.30000000000000004,0.4,0.1,0.7976470588235294,0.5270538253583418,0.7805869857513501
0.1,0.15000000000000002,0.1,0.65,0.8235294117647058,0.47502692177345257,0.780521436325716
0.45,0.2,0.1,0.25,0.8011764705882353,0.5196833735679058,0.7805090786860941
0.1,0.05,0.4,0.45,0.7988235294117646,0.5242434574019003,0.7804726290563573
0.2,0.2,0.35000000000000003,0.25,0.7999999999999998,0.5217046669947595,0.7804261667486898
0.4,0.15000000000000002,0.05,0.4,0.8058823529411764,0.5098751208850583,0.7804099566918528
0.25,0.2,0.30000000000000004,0.25,0.8000000000000002,0.5216098298353756,0.780402457458844
0.25,0.1,0.35000000000000003,0.30000000000000004,0.7941176470588235,0.533331290247762,0.7803916460913523
0.2,0.05,0.4,0.35000000000000003,0.7941176470588234,0.5331542702053294,0.780347391080744
0.55,0.05,0.15000000000000002,0.25,0.7882352941176469,0.5448143468905216,0.7803212337814538
0.4,0.4,0.05,0.15000000000000002,0.8223529411764706,0.4765559918161247,0.7803154685422664
0.1,0.35000000000000003,0.45,0.1,0.8070588235294117,0.5070859016501158,0.7803008871772348
0.2,0.25,0.35000000000000003,0.2,0.8023529411764706,0.5164754446038443,0.7802953317391963
0.05,0.2,0.25,0.5,0.8199999999999998,0.48117253050172426,0.780293132625431
0.05,0.15000000000000002,0.35000000000000003,0.45,0.8070588235294116,0.5070049072902587,0.7802806385872705
0.35000000000000003,0.15000000000000002,0.4,0.1,0.7799999999999998,0.5611115167212166,0.780277879180304
0.15000000000000002,0.2,0.5,0.15000000000000002,0.7905882352941176,0.5397230980595357,0.7802248921619427
0.30000000000000004,0.05,0.05,0.6000000000000001,0.8023529411764706,0.5160901883069148,0.780199017664964
0.05,0.1,0.2,0.65,0.8117647058823527,0.4971849791148809,0.7801785977198966
0.15000000000000002,0.25,0.25,0.35000000000000003,0.8164705882352941,0.487658965733495,0.7801500355510208
0.45,0.35000000000000003,0.05,0.15000000000000002,0.8129411764705883,0.49429484027833837,0.7800442983048788
0.7000000000000001,0.1,0.1,0.1,0.7788235294117647,0.5621740914111508,0.77995528755867
0.25,0.25,0.4,0.1,0.7882352941176471,0.543189950296563,0.7799151346329644
0.45,0.15000000000000002,0.25,0.15000000000000002,0.784705882352941,0.5499508994290494,0.7798406660337329
0.35000000000000003,0.2,0.30000000000000004,0.15000000000000002,0.7894117647058821,0.5404799426366902,0.7798258680121136
0.45,0.30000000000000004,0.15000000000000002,0.1,0.7976470588235293,0.5239976078840429,0.7798229313827754
0.15000000000000002,0.1,0.1,0.65,0.8105882352941177,0.49805627148408227,0.7798081855180794
0.6000000000000001,0.1,0.05,0.25,0.7905882352941176,0.5379343706560439,0.7797777103110698
0.35000000000000003,0.30000000000000004,0.2,0.15000000000000002,0.8035294117647059,0.5119917408631982,0.7797626410981525
0.05,0.05,0.4,0.5,0.7988235294117646,0.5212681294177651,0.7797287970603235
0.05,0.1,0.65,0.2,0.7870588235294117,0.5447354149679676,0.7797132655066978
0.15000000000000002,0.1,0.15000000000000002,0.6000000000000001,0.8070588235294117,0.5047214745865087,0.7797097804113331
0.5,0.1,0.15000000000000002,0.25,0.7894117647058824,0.5399810775052611,0.7797011517292565
0.05,0.4,0.5,0.05,0.8058823529411765,0.5068226088065922,0.7796468286722363
0.6000000000000001,0.2,0.1,0.1,0.784705882352941,0.5491211704149928,0.7796332337802188
0.30000000000000004,0.05,0.15000000000000002,0.5,0.7976470588235293,0.5232245784175428,0.7796296740161504
0.1,0.45,0.4,0.05,0.8141176470588236,0.49015738130868275,0.7795981688565825
0.1,0.05,0.45,0.4,0.7952941176470588,0.5276968513616099,0.7795712716639318
0.35000000000000003,0.1,0.1,0.45,0.7999999999999998,0.5181915672229496,0.7795478918057372
0.15000000000000002,0.25,0.35000000000000003,0.25,0.8070588235294117,0.5040399264492041,0.779539393377007
0.25,0.25,0.15000000000000002,0.35000000000000003,0.8152941176470588,0.4871937288170778,0.7794454910277988
0.25,0.05,0.55,0.15000000000000002,0.7788235294117647,0.5600616312641818,0.7794271725219278
0.15000000000000002,0.30000000000000004,0.35000000000000003,0.2,0.8094117647058822,0.49870607906085584,0.779382402118155
0.25,0.35000000000000003,0.30000000000000004,0.1,0.8035294117647058,0.5103679385308356,0.7793566905150618
0.30000000000000004,0.2,0.15000000000000002,0.35000000000000003,0.8070588235294117,0.5031144514050876,0.7793080246159778
0.45,0.15000000000000002,0.30000000000000004,0.1,0.7788235294117647,0.5595366186225356,0.7792959193615162
0.1,0.05,0.35000000000000003,0.5,0.7976470588235293,0.5217082325643346,0.7792505875528484
0.15000000000000002,0.2,0.30000000000000004,0.35000000000000003,0.8070588235294118,0.5028544794351879,0.7792430316235028
0.2,0.05,0.25,0.5,0.796470588235294,0.5239355599821238,0.7792191841131779
0.55,0.1,0.2,0.15000000000000002,0.78,0.556674969386029,0.7791687423465072
0.15000000000000002,0.30000000000000004,0.5,0.05,0.7882352941176469,0.5398190538289823,0.779072410516069
0.15000000000000002,0.2,0.45,0.2,0.7929411764705881,0.5302070472990212,0.7790223500600494
0.15000000000000002,0.1,0.6000000000000001,0.15000000000000002,0.78,0.5558357671430032,0.7789589417857508
0.4,0.05,0.25,0.30000000000000004,0.7882352941176471,0.5393464061208992,0.7789542485890484
0.15000000000000002,0.15000000000000002,0.2,0.5,0.8070588235294117,0.5015159925819596,0.7789084099101957
0.1,0.05,0.55,0.30000000000000004,0.7894117647058825,0.5368028616209918,0.7789065977581892
0.1,0.05,0.5,0.35000000000000003,0.7917647058823529,0.5316730556994049,0.7788006168660278
0.5,0.30000000000000004,0.15000000000000002,0.05,0.7882352941176469,0.5384953186459567,0.7787414767203127
0.30000000000000004,0.1,0.30000000000000004,0.30000000000000004,0.7905882352941177,0.5337540898949231,0.7787326401207897
0.2,0.1,0.35000000000000003,0.35000000000000003,0.7941176470588235,0.5266035848080785,0.7787097197314314
0.4,0.05,0.1,0.45,0.7952941176470588,0.5242394723535516,0.7787069269119173
0.05,0.2,0.55,0.2,0.7941176470588235,0.5263032030496615,0.7786346242918272
0.35000000000000003,0.2,0.35000000000000003,0.1,0.7811764705882352,0.5520773072452386,0.7786075621054274
0.4,0.15000000000000002,0.15000000000000002,0.30000000000000004,0.7952941176470587,0.523777381527936,0.7785914042055133
0.15000000000000002,0.15000000000000002,0.1,0.6000000000000001,0.8141176470588236,0.48612741377474605,0.7785906769730984
0.2,0.4,0.30000000000000004,0.1,0.8105882352941175,0.4931240750213958,0.7785751364024077
0.45,0.35000000000000003,0.15000000000000002,0.05,0.7952941176470588,0.5232548508023663,0.778460771524121
0.15000000000000002,0.05,0.25,0.55,0.7964705882352939,0.5206371284726716,0.7783945762358149
0.30000000000000004,0.2,0.05,0.45,0.8117647058823527,0.48989031315619735,0.7783549312302257
0.65,0.05,0.1,0.2,0.7811764705882352,0.5509728545910795,0.7783314489418875
0.45,0.2,0.30000000000000004,0.05,0.7752941176470587,0.56264083145984,0.7783072666884894
0.15000000000000002,0.15000000000000002,0.05,0.65,0.8188235294117646,0.4754415765410941,0.7782721588411559
0.30000000000000004,0.30000000000000004,0.15000000000000002,0.25,0.8117647058823529,0.4894350388606516,0.7782411126563393
0.30000000000000004,0.35000000000000003,0.30000000000000004,0.05,0.7941176470588234,0.5244437235596997,0.7781697544193367
0.15000000000000002,0.1,0.05,0.7000000000000001,0.8141176470588235,0.48433837176217426,0.7781434164699553
0.15000000000000002,0.05,0.7000000000000001,0.1,0.7729411764705881,0.5666901998870528,0.7781431382070573
0.30000000000000004,0.25,0.15000000000000002,0.30000000000000004,0.8094117647058823,0.4935883331540083,0.7781029656414432
0.55,0.30000000000000004,0.05,0.1,0.7952941176470587,0.5216937605466475,0.7780704989601912
0.4,0.1,0.30000000000000004,0.2,0.7811764705882352,0.5498445266033932,0.778049366944966
0.05,0.25,0.55,0.15000000000000002,0.7929411764705881,0.5263122917564214,0.7780486611743994
0.2,0.30000000000000004,0.15000000000000002,0.35000000000000003,0.82,0.4721739068083679,0.778043476702092
0.2,0.30000000000000004,0.05,0.45,0.8270588235294116,0.45792459739351726,0.7780105611130852
0.25,0.05,0.25,0.45,0.7929411764705883,0.5259043836057209,0.7779466841367244
0.35000000000000003,0.05,0.25,0.35000000000000003,0.7894117647058824,0.5328847550933317,0.777927071126274
0.2,0.15000000000000002,0.05,0.6000000000000001,0.8117647058823529,0.4875585704803617,0.777771995561267
0.2,0.25,0.30000000000000004,0.25,0.8035294117647058,0.5039591418287337,0.7777544913395363
0.7000000000000001,0.05,0.05,0.2,0.78,0.550864559154378,0.7777161397885946
0.30000000000000004,0.1,0.5,0.1,0.7729411764705881,0.5648928731687036,0.7776938065274699
0.45,0.4,0.05,0.1,0.8094117647058822,0.49161167925997185,0.777608802167934
0.1,0.25,0.5,0.15000000000000002,0.7917647058823529,0.5268361158748761,0.7775913819098955
0.25,0.30000000000000004,0.15000000000000002,0.30000000000000004,0.8152941176470587,0.47960007936255544,0.7775470786641683
0.1,0.30000000000000004,0.55,0.05,0.784705882352941,0.5407699422954623,0.7775454267503361
0.5,0.25,0.15000000000000002,0.1,0.784705882352941,0.5403411301192139,0.777438223706274
0.35000000000000003,0.2,0.2,0.25,0.7941176470588235,0.5212751556872218,0.7773776124512173
0.6000000000000001,0.25,0.05,0.1,0.7858823529411764,0.5377111729919577,0.7773689697185776
0.5,0.2,0.05,0.25,0.7952941176470588,0.5188300139162733,0.7773545623025977
0.05,0.2,0.5,0.25,0.7952941176470588,0.5186583771847676,0.7773116531197213
0.5,0.15000000000000002,0.15000000000000002,0.2,0.784705882352941,0.5397433029537944,0.7772887669149191
0.05,0.35000000000000003,0.45,0.15000000000000002,0.8094117647058823,0.4903152801103551,0.7772847023805299
0.05,0.30000000000000004,0.45,0.2,0.8070588235294117,0.49492685496380107,0.7772611255056561
0.15000000000000002,0.2,0.15000000000000002,0.5,0.811764705882353,0.48529583206277294,0.7772063109568698
0.1,0.1,0.35000000000000003,0.45,0.7952941176470587,0.5181455294275539,0.7771834411804178
0.4,0.30000000000000004,0.25,0.05,0.7847058823529413,0.5392642581944149,0.7771690057250744
0.1,0.1,0.25,0.55,0.7988235294117646,0.5103432941528903,0.7769975882441049
0.15000000000000002,0.45,0.35000000000000003,0.05,0.8094117647058822,0.48898000926105706,0.7769508846682054
0.65,0.05,0.15000000000000002,0.15000000000000002,0.7741176470588235,0.5590914817306836,0.7768316939620826
0.4,0.35000000000000003,0.15000000000000002,0.1,0.7988235294117645,0.5095392931702772,0.7767965879984515
0.1,0.15000000000000002,0.35000000000000003,0.4,0.7976470588235293,0.5118865915172982,0.7767951772910893
0.05,0.1,0.6000000000000001,0.25,0.784705882352941,0.5377641671436812,0.7767939829623909
0.2,0.05,0.35000000000000003,0.4,0.7894117647058824,0.5279005432627267,0.7766810181686228
0.2,0.05,0.5,0.25,0.7811764705882352,0.5443375043947031,0.7766726113927933
0.35000000000000003,0.05,0.15000000000000002,0.45,0.7905882352941176,0.5254706425538834,0.7766617782855296
0.2,0.1,0.4,0.30000000000000004,0.7858823529411765,0.5348038005691357,0.7766421266128721
0.25,0.15000000000000002,0.25,0.35000000000000003,0.7941176470588234,0.5176833337322448,0.7764796569624729
0.45,0.05,0.25,0.25,0.78,0.5454910011088016,0.7763727502772004
0.4,0.30000000000000004,0.1,0.2,0.8035294117647058,0.4984201343635613,0.7763697394732432
0.1,0.25,0.4,0.25,0.8011764705882353,0.5027627184534766,0.7762789149074868
0.2,0.15000000000000002,0.35000000000000003,0.30000000000000004,0.7905882352941176,0.5238457915245869,0.7762555655282055
0.30000000000000004,0.1,0.25,0.35000000000000003,0.7894117647058824,0.5261801559427571,0.7762509213386304
0.05,0.15000000000000002,0.30000000000000004,0.5,0.8035294117647059,0.4979105026102781,0.7762423315349225
0.6000000000000001,0.15000000000000002,0.15000000000000002,0.1,0.7741176470588235,0.5565865292779415,0.7762054558488971
0.15000000000000002,0.05,0.4,0.4,0.7882352941176469,0.5283392481467177,0.7762024590955029
0.2,0.25,0.4,0.15000000000000002,0.7870588235294117,0.5306707810831666,0.7761971070354975
0.30000000000000004,0.35000000000000003,0.2,0.15000000000000002,0.8035294117647058,0.4974583044924049,0.7761292820054542
0.15000000000000002,0.65,0.15000000000000002,0.05,0.8258823529411764,0.45252254974790473,0.7760718139075644
0.15000000000000002,0.35000000000000003,0.35000000000000003,0.15000000000000002,0.804705882352941,0.49485844496715004,0.7760675524182581
0.4,0.2,0.15000000000000002,0.25,0.7917647058823529,0.5207257433635814,0.7760637887820718
0.55,0.15000000000000002,0.15000000000000002,0.15000000000000002,0.7776470588235292,0.548660442895391,0.7759886401356124
0.05,0.15000000000000002,0.45,0.35000000000000003,0.7941176470588235,0.5153960558064041,0.7759078374810128
0.30000000000000004,0.15000000000000002,0.2,0.35000000000000003,0.7929411764705881,0.517726679872177,0.7759022582033384
0.2,0.1,0.30000000000000004,0.4,0.7905882352941176,0.5223457703869823,0.7758805602438044
0.35000000000000003,0.15000000000000002,0.2,0.30000000000000004,0.7894117647058824,0.5245906460001313,0.775853543852974
0.35000000000000003,0.55,0.05,0.05,0.8188235294117646,0.46542763943295545,0.7757686745641212
0.4,0.05,0.2,0.35000000000000003,0.7847058823529411,0.5333794603935899,0.7756978062748681
0.2,0.30000000000000004,0.25,0.25,0.8070588235294117,0.48862970952858903,0.7756868391468531
0.30000000000000004,0.2,0.35000000000000003,0.15000000000000002,0.78,0.5426683983547984,0.7756670995886996
0.05,0.30000000000000004,0.15000000000000002,0.5,0.8282352941176471,0.4461655237177703,0.775659027988266
0.30000000000000004,0.1,0.05,0.55,0.7964705882352939,0.5094459940997297,0.7755967926425793
0.25,0.1,0.05,0.6000000000000001,0.7999999999999998,0.5023769028515158,0.7755942257128788
0.45,0.2,0.15000000000000002,0.2,0.7858823529411764,0.5302019785971743,0.7754916711198818
0.05,0.05,0.55,0.35000000000000003,0.7858823529411764,0.5301975740700522,0.7754905699881012
0.65,0.1,0.05,0.2,0.7776470588235295,0.5465176054939049,0.7754529307852409
0.35000000000000003,0.35000000000000003,0.05,0.25,0.8164705882352941,0.46858110606958603,0.7753805706350435
0.2,0.5,0.25,0.05,0.8117647058823529,0.4779298896691525,0.7753648253584646
0.2,0.15000000000000002,0.25,0.4,0.7941176470588235,0.5130569372954671,0.7753230578532786
0.05,0.15000000000000002,0.1,0.7000000000000001,0.8270588235294117,0.447162834501855,0.7753201203901696
0.05,0.05,0.75,0.15000000000000002,0.7717647058823529,0.5577383480769459,0.775316939960413
0.2,0.25,0.2,0.35000000000000003,0.8070588235294117,0.48714915919738944,0.7753167015640532
0.1,0.45,0.35000000000000003,0.1,0.8141176470588236,0.4729171882385114,0.7752881205890396
0.2,0.25,0.15000000000000002,0.4,0.8094117647058822,0.4821993446262145,0.7752557185094947
0.30000000000000004,0.30000000000000004,0.25,0.15000000000000002,0.7941176470588235,0.5126183372811695,0.7752134078497042
0.1,0.2,0.25,0.45,0.8058823529411764,0.489054396830231,0.7752047756781459
0.35000000000000003,0.45,0.1,0.1,0.8117647058823529,0.477256381541674,0.775196448326595
0.2,0.1,0.1,0.6000000000000001,0.7988235294117645,0.5030717344833158,0.7751796983267112
0.1,0.35000000000000003,0.5,0.05,0.7894117647058824,0.5218687531083414,0.7751730706300266
0.30000000000000004,0.2,0.1,0.4,0.8023529411764705,0.4957970636795041,0.7751257365081112
0.45,0.1,0.2,0.25,0.78,0.5403979694930282,0.775099492373257
0.1,0.15000000000000002,0.5,0.25,0.784705882352941,0.530960885611632,0.7750931625793784
0.05,0.30000000000000004,0.55,0.1,0.7882352941176469,0.5233823024363927,0.7749632226679216
0.1,0.1,0.2,0.6000000000000001,0.7976470588235294,0.5044781069847282,0.7749430561579467
0.2,0.15000000000000002,0.15000000000000002,0.5,0.7988235294117646,0.5019940236009697,0.7749102706061247
0.2,0.15000000000000002,0.4,0.25,0.7835294117647058,0.5324573411796617,0.7748790411772684
0.25,0.55,0.1,0.1,0.8247058823529411,0.4498592091015879,0.7748177434518675
0.05,0.2,0.45,0.30000000000000004,0.7941176470588234,0.5106974041508846,0.7747331745671329
0.15000000000000002,0.25,0.1,0.5,0.8164705882352941,0.46598645507243597,0.774731907885756
0.2,0.15000000000000002,0.45,0.2,0.7788235294117647,0.5410632977844227,0.774677589151988
0.25,0.1,0.1,0.55,0.7941176470588235,0.510428727996434,0.7746660055285202
0.5,0.2,0.15000000000000002,0.15000000000000002,0.7788235294117645,0.5409129845572385,0.7746400108451919
0.35000000000000003,0.1,0.2,0.35000000000000003,0.7858823529411765,0.5267559255160015,0.7746301578495887
0.15000000000000002,0.35000000000000003,0.4,0.1,0.7952941176470588,0.5077508104627367,0.7745847614392136
0.05,0.25,0.45,0.25,0.7988235294117648,0.500687487047659,0.7745836364677972
0.05,0.35000000000000003,0.55,0.05,0.7882352941176469,0.5213110560789238,0.7744454110785544
0.30000000000000004,0.05,0.45,0.2,0.7717647058823528,0.5540306101542147,0.7743900054797301
0.2,0.2,0.1,0.5,0.8058823529411764,0.48578358100670344,0.7743870717222641
0.05,0.30000000000000004,0.5,0.15000000000000002,0.7952941176470587,0.5065146065171225,0.77427571045281
0.1,0.25,0.35000000000000003,0.30000000000000004,0.8023529411764706,0.49238310072450686,0.774272245769362
0.30000000000000004,0.4,0.05,0.25,0.8223529411764706,0.45210226697338485,0.7742020373315814
0.15000000000000002,0.15000000000000002,0.30000000000000004,0.4,0.7917647058823527,0.5132462270920257,0.7741939097141828
0.2,0.05,0.30000000000000004,0.45,0.7858823529411765,0.5249940097974517,0.7741896789199512
0.05,0.35000000000000003,0.4,0.2,0.8094117647058823,0.47760797466702715,0.774107876019698
0.15000000000000002,0.25,0.55,0.05,0.7717647058823529,0.5525785843796156,0.7740269990360804
0.1,0.05,0.1,0.75,0.8035294117647058,0.4889865810951758,0.7740113511561468
0.35000000000000003,0.1,0.25,0.30000000000000004,0.7811764705882352,0.5336328605293709,0.7739964504264603
0.05,0.35000000000000003,0.5,0.1,0.7952941176470588,0.5052571839368802,0.7739613548077495
0.35000000000000003,0.5,0.1,0.05,0.808235294117647,0.47914466524075194,0.7739038133690115
0.65,0.25,0.05,0.05,0.7729411764705882,0.5496489446252315,0.773882824391602
0.1,0.2,0.2,0.5,0.8058823529411765,0.48370800003524117,0.7738681764793985
0.2,0.1,0.2,0.5,0.7894117647058821,0.5165603890554856,0.7738459796168125
0.25,0.45,0.25,0.05,0.801176470588235,0.4929788304960587,0.7738329429181322
0.30000000000000004,0.2,0.25,0.25,0.7870588235294116,0.5211926931516572,0.7738275850526201
0.55,0.35000000000000003,0.05,0.05,0.7870588235294117,0.5211776268723745,0.7738238184827995
0.15000000000000002,0.2,0.1,0.55,0.8094117647058822,0.47643221062136676,0.7738139350082828
0.45,0.15000000000000002,0.1,0.30000000000000004,0.7858823529411764,0.5234388621576913,0.773800892010011
0.1,0.30000000000000004,0.4,0.2,0.7988235294117646,0.4974429236040419,0.7737724956068928
0.2,0.4,0.25,0.15000000000000002,0.8082352941176469,0.47821663836742967,0.7736718066506809
0.5,0.25,0.05,0.2,0.7905882352941174,0.513405559112841,0.7736455074252689
0.25,0.30000000000000004,0.1,0.35000000000000003,0.8117647058823529,0.4708900221088284,0.7736048584683836
0.35000000000000003,0.25,0.1,0.30000000000000004,0.8011764705882353,0.49173158027607455,0.7735211303631362
0.45,0.2,0.2,0.15000000000000002,0.7764705882352942,0.5409780736802657,0.7734798125377136
0.05,0.45,0.45,0.05,0.8023529411764705,0.4891625873972392,0.773467117437545
0.1,0.05,0.05,0.8,0.8235294117647058,0.44639616713008684,0.7733637476648747
0.35000000000000003,0.2,0.05,0.4,0.7988235294117646,0.49569558477287257,0.7733356608991004
0.35000000000000003,0.05,0.2,0.4,0.7823529411764705,0.5282099438147749,0.773228956541929
0.35000000000000003,0.15000000000000002,0.30000000000000004,0.2,0.7752941176470587,0.5422180529348417,0.7732015720572398
0.45,0.25,0.05,0.25,0.7952941176470587,0.5020848407554405,0.7731682690123894
0.15000000000000002,0.1,0.2,0.55,0.7905882352941177,0.511447257415147,0.7731559320008456
0.35000000000000003,0.25,0.15000000000000002,0.25,0.7941176470588235,0.5041520671079964,0.7730968403064109
0.25,0.1,0.25,0.4,0.784705882352941,0.5227810145710916,0.7730481948192434
0.35000000000000003,0.30000000000000004,0.15000000000000002,0.2,0.796470588235294,0.49912174756886685,0.7730157310098638
0.1,0.45,0.30000000000000004,0.15000000000000002,0.816470588235294,0.4587793553077283,0.772930132944579
0.2,0.05,0.1,0.65,0.7905882352941176,0.5105027310433989,0.7729198004079085
0.1,0.05,0.15000000000000002,0.7000000000000001,0.7929411764705881,0.5055890266033126,0.7728678448861221
0.4,0.1,0.1,0.4,0.7858823529411764,0.5195765113503472,0.772835304308175
0.05,0.35000000000000003,0.15000000000000002,0.45,0.8270588235294117,0.43696034168501136,0.7727694971859587
0.15000000000000002,0.30000000000000004,0.2,0.35000000000000003,0.8094117647058823,0.47196542585792,0.7726972388174211
0.05,0.25,0.4,0.30000000000000004,0.7999999999999998,0.49056882007239383,0.7726422050180983
0.1,0.2,0.35000000000000003,0.35000000000000003,0.7941176470588236,0.5023126876426001,0.7726369954400618
0.30000000000000004,0.25,0.2,0.25,0.7929411764705883,0.5039351266689487,0.7724543699025312
0.35000000000000003,0.15000000000000002,0.05,0.45,0.791764705882353,0.5058661272897984,0.7723488847636262
0.25,0.25,0.05,0.45,0.8070588235294117,0.4752011103341639,0.7723296893482468
0.25,0.25,0.30000000000000004,0.2,0.7858823529411764,0.5174451047454401,0.7723024526569482
0.2,0.45,0.25,0.1,0.8058823529411764,0.47729004471325037,0.7722636876489009
0.25,0.45,0.2,0.1,0.8058823529411764,0.477034791879553,0.7721998744404764
0.2,0.6000000000000001,0.15000000000000002,0.05,0.8141176470588235,0.460377184912696,0.7721531197575857
0.2,0.15000000000000002,0.30000000000000004,0.35000000000000003,0.7858823529411764,0.5168400066146126,0.7721511781242414
0.05,0.15000000000000002,0.15000000000000002,0.65,0.8070588235294117,0.47405037518865784,0.7720420055618703
0.4,0.35000000000000003,0.1,0.15000000000000002,0.796470588235294,0.49521133148538826,0.7720381269889941
0.30000000000000004,0.15000000000000002,0.35000000000000003,0.2,0.7729411764705881,0.5422231915498176,0.7720263861227485
0.4,0.2,0.1,0.30000000000000004,0.7894117647058824,0.5091605387943375,0.7719960170515257
0.1,0.2,0.5,0.2,0.78,0.5274743178722485,0.7718685794680622
0.05,0.25,0.5,0.2,0.7870588235294117,0.5133330242415834,0.7718626678251017
0.15000000000000002,0.4,0.35000000000000003,0.1,0.7976470588235293,0.49210806247532424,0.7718505450305957
0.05,0.25,0.2,0.5,0.8117647058823529,0.46357043211968385,0.7717749609710974
0.2,0.25,0.25,0.30000000000000004,0.7964705882352942,0.4934313781795764,0.7715931386625412
0.45,0.1,0.15000000000000002,0.30000000000000004,0.776470588235294,0.5331681130048561,0.771527322368861
0.1,0.1,0.15000000000000002,0.65,0.7941176470588236,0.49771869594107815,0.7714884975146814
0.45,0.2,0.05,0.30000000000000004,0.7882352941176469,0.509267086402816,0.7714344186595274
0.15000000000000002,0.25,0.30000000000000004,0.30000000000000004,0.7964705882352942,0.4927770961625517,0.771429568158285
0.25,0.05,0.1,0.6000000000000001,0.7847058823529411,0.5162313778707746,0.7714107856441642
0.15000000000000002,0.30000000000000004,0.25,0.30000000000000004,0.8035294117647058,0.4785777746348807,0.7714091495410731
0.2,0.35000000000000003,0.05,0.4,0.8188235294117646,0.4479416667580558,0.7713971813953963
0.15000000000000002,0.35000000000000003,0.1,0.4,0.8188235294117647,0.4478397334160863,0.7713716980599039
0.05,0.30000000000000004,0.30000000000000004,0.35000000000000003,0.8070588235294117,0.47130988540457464,0.7713568831158495
0.4,0.4,0.1,0.1,0.7964705882352939,0.49234873842164123,0.7713224787230573
0.1,0.4,0.30000000000000004,0.2,0.8117647058823527,0.4616813094630589,0.7713026803069412
0.45,0.30000000000000004,0.1,0.15000000000000002,0.7870588235294117,0.5110264852487246,0.7712860330768869
0.1,0.35000000000000003,0.35000000000000003,0.2,0.8035294117647056,0.4777276309871787,0.7711966136291475
0.25,0.2,0.1,0.45,0.7964705882352939,0.49163831616209147,0.7711448731581698
0.5,0.05,0.2,0.25,0.7694117647058825,0.5454689435166263,0.7710731182320978
0.2,0.15000000000000002,0.1,0.55,0.7952941176470587,0.49349856469647124,0.7710216999976471
0.4,0.45,0.1,0.05,0.7952941176470588,0.49297372683764723,0.7708904905329412
0.35000000000000003,0.25,0.2,0.2,0.7835294117647058,0.5164806880885136,0.7708848779044812
0.1,0.5,0.2,0.2,0.8247058823529412,0.4340967698374594,0.7708771336358354
0.4,0.2,0.2,0.2,0.7764705882352942,0.5304386345385782,0.7708449527522917
0.1,0.30000000000000004,0.25,0.35000000000000003,0.8058823529411764,0.47148599657633133,0.770812675614671
0.15000000000000002,0.4,0.4,0.05,0.7882352941176469,0.5067583935976766,0.7708072454582426
0.15000000000000002,0.05,0.45,0.35000000000000003,0.7752941176470587,0.5326328580898226,0.770805273345985
0.35000000000000003,0.30000000000000004,0.1,0.25,0.7976470588235293,0.48790960430068353,0.7708009304869354
0.05,0.30000000000000004,0.35000000000000003,0.30000000000000004,0.8023529411764706,0.47843060749849814,0.7707841224628598
0.15000000000000002,0.05,0.35000000000000003,0.45,0.7788235294117648,0.5254412440831714,0.7707720757266752
0.15000000000000002,0.35000000000000003,0.2,0.30000000000000004,0.8117647058823529,0.4592728371282304,0.7707005622232341
0.25,0.2,0.2,0.35000000000000003,0.7894117647058825,0.5039620781801486,0.7706964018979784
0.2,0.5,0.1,0.2,0.8235294117647058,0.4355771104292723,0.770658983489671
0.1,0.5,0.35000000000000003,0.05,0.8035294117647058,0.4753324071902811,0.7705978076799231
0.25,0.25,0.25,0.25,0.7894117647058824,0.5034889760367274,0.770578126362123
0.25,0.2,0.25,0.30000000000000004,0.784705882352941,0.5128419194674648,0.7705634210433367
0.1,0.5,0.25,0.15000000000000002,0.8188235294117645,0.444595309798727,0.770560592155564
0.05,0.25,0.30000000000000004,0.4,0.8011764705882353,0.4797922705539645,0.7705363029326088
0.15000000000000002,0.25,0.15000000000000002,0.45,0.8035294117647058,0.47478351921510753,0.7704605856861297
0.2,0.35000000000000003,0.35000000000000003,0.1,0.7858823529411764,0.5099596808144905,0.7704310966742107
0.1,0.4,0.45,0.05,0.7870588235294117,0.5073274515105444,0.7703612746423419
0.35000000000000003,0.4,0.2,0.05,0.7870588235294119,0.5072301324350837,0.7703369448734769
0.2,0.2,0.15000000000000002,0.45,0.7952941176470587,0.49071063885441385,0.7703247185371328
0.30000000000000004,0.15000000000000002,0.1,0.45,0.7870588235294116,0.5069132861348052,0.7702577332984071
0.25,0.15000000000000002,0.1,0.5,0.7894117647058824,0.5021008858185282,0.7702311038075733
0.35000000000000003,0.15000000000000002,0.1,0.4,0.7847058823529411,0.5115030480920273,0.7702287031994774
0.4,0.45,0.05,0.1,0.8023529411764706,0.4755545561574335,0.7700651096275937
0.4,0.1,0.15000000000000002,0.35000000000000003,0.7776470588235292,0.5249493702646345,0.7700608719779232
0.30000000000000004,0.35000000000000003,0.15000000000000002,0.2,0.7988235294117646,0.48258204909393826,0.7700572769793669
0.45,0.30000000000000004,0.05,0.2,0.7917647058823529,0.49664448071517825,0.770043473119971
0.1,0.25,0.15000000000000002,0.5,0.8070588235294117,0.4660523132398813,0.7700424900746762
0.2,0.45,0.30000000000000004,0.05,0.7941176470588235,0.49138655898484024,0.7699054632756218
0.2,0.5,0.15000000000000002,0.15000000000000002,0.8164705882352942,0.4464946747287391,0.7698589627998318
0.1,0.35000000000000003,0.2,0.35000000000000003,0.8129411764705882,0.453436034690411,0.7698295969078968
0.1,0.1,0.4,0.4,0.7788235294117645,0.5216398924808124,0.7698217378260853
0.35000000000000003,0.5,0.05,0.1,0.8082352941176469,0.46269539939808507,0.7697914969083448
0.1,0.2,0.4,0.30000000000000004,0.7835294117647059,0.512097099948485,0.7697889808694742
0.35000000000000003,0.35000000000000003,0.25,0.05,0.7776470588235295,0.5235079363290671,0.7697005134940316
0.25,0.35000000000000003,0.2,0.2,0.7988235294117646,0.48077811558490585,0.7696062936021087
0.30000000000000004,0.15000000000000002,0.05,0.5,0.7882352941176469,0.5015474185334103,0.769504501692176
0.15000000000000002,0.25,0.4,0.2,0.7811764705882352,0.5155810109889696,0.76948348804136
0.30000000000000004,0.30000000000000004,0.2,0.2,0.7894117647058824,0.49901631857045115,0.769459961995554
0.30000000000000004,0.4,0.2,0.1,0.7929411764705881,0.4918805301972448,0.7694407207846052
0.05,0.25,0.25,0.45,0.8035294117647058,0.470701815965768,0.7694401598737949
0.25,0.30000000000000004,0.35000000000000003,0.1,0.7752941176470587,0.5271311492789306,0.769429846143262
0.35000000000000003,0.35000000000000003,0.1,0.2,0.7976470588235296,0.48201306109419956,0.7693267946853146
0.05,0.35000000000000003,0.35000000000000003,0.25,0.8058823529411764,0.4655152755400602,0.7693199953556032
0.2,0.45,0.05,0.30000000000000004,0.8211764705882352,0.4348022981779846,0.7692888098386137
0.30000000000000004,0.05,0.25,0.4,0.7741176470588235,0.528804869585344,0.7692600409257477
0.05,0.1,0.35000000000000003,0.5,0.7823529411764706,0.512144675832717,0.7692126395464145
0.1,0.1,0.1,0.7000000000000001,0.796470588235294,0.4837371188534375,0.7691695738310064
0.1,0.4,0.4,0.1,0.7929411764705881,0.49079250712838257,0.7691687150173897
0.05,0.1,0.30000000000000004,0.55,0.784705882352941,0.5072476456738789,0.7691648525949402
0.1,0.25,0.1,0.55,0.8094117647058823,0.4577341540303313,0.769139420860524
0.2,0.1,0.15000000000000002,0.55,0.7823529411764706,0.5115381444827466,0.7690610067089219
0.25,0.6000000000000001,0.1,0.05,0.8082352941176469,0.4593466653923729,0.7689543134069167
0.15000000000000002,0.25,0.5,0.1,0.7670588235294118,0.5411637629506849,0.7688203525023771
0.1,0.25,0.30000000000000004,0.35000000000000003,0.7941176470588235,0.48624934227158756,0.7686211590973087
0.30000000000000004,0.15000000000000002,0.15000000000000002,0.4,0.7811764705882354,0.5121054196108268,0.7686145901968244
0.1,0.30000000000000004,0.30000000000000004,0.30000000000000004,0.7976470588235293,0.47884368922073894,0.7685344517169495
0.30000000000000004,0.5,0.05,0.15000000000000002,0.8141176470588235,0.44589415590785614,0.7685323625063758
0.05,0.1,0.45,0.4,0.776470588235294,0.5210097654498306,0.7684877354801046
0.15000000000000002,0.7000000000000001,0.1,0.05,0.8141176470588236,0.4451690169346681,0.7683510777630789
0.25,0.35000000000000003,0.05,0.35000000000000003,0.8094117647058823,0.4545423050859221,0.7683414586244217
0.05,0.45,0.35000000000000003,0.15000000000000002,0.8082352941176469,0.45639084317120726,0.7682153578516253
0.2,0.30000000000000004,0.1,0.4,0.8035294117647058,0.4656734539942482,0.768183069380915
0.05,0.1,0.15000000000000002,0.7000000000000001,0.7952941176470587,0.48178070481022434,0.7680922350260855
0.1,0.15000000000000002,0.2,0.55,0.7894117647058824,0.49345423977273417,0.7680694422961247
0.05,0.45,0.4,0.1,0.7999999999999998,0.47157475129349896,0.7678936878233746
0.35000000000000003,0.45,0.05,0.15000000000000002,0.8047058823529412,0.461519425613038,0.7677327975797301
0.25,0.4,0.25,0.1,0.7894117647058824,0.491990014157138,0.7677033858922258
0.15000000000000002,0.5,0.30000000000000004,0.05,0.7976470588235294,0.4752368708996079,0.7676327471366666
0.15000000000000002,0.5,0.2,0.15000000000000002,0.8117647058823527,0.446767161148716,0.7675741432283554
0.15000000000000002,0.45,0.25,0.15000000000000002,0.8047058823529412,0.4608794757874425,0.7675728101233312
0.2,0.1,0.05,0.65,0.7858823529411764,0.49836769951686916,0.7675331013498055
0.05,0.15000000000000002,0.25,0.55,0.7894117647058825,0.49115553105031456,0.76749476511552
0.05,0.05,0.15000000000000002,0.75,0.7905882352941176,0.48875485402936103,0.7674828311543991
0.2,0.15000000000000002,0.2,0.45,0.7800000000000001,0.5097876246042113,0.7674469061510529
0.25,0.25,0.1,0.4,0.7941176470588236,0.48124212902156693,0.7673693557848036
0.05,0.7000000000000001,0.2,0.05,0.8129411764705882,0.44355220591519773,0.7673586397140935
0.4,0.4,0.15000000000000002,0.05,0.7811764705882352,0.5066812794164747,0.7672585551482363
0.05,0.4,0.2,0.35000000000000003,0.8164705882352941,0.4360910068834199,0.767258045838502
0.05,0.5,0.4,0.05,0.7964705882352939,0.4760640131278945,0.7672512973996206
0.15000000000000002,0.4,0.30000000000000004,0.15000000000000002,0.796470588235294,0.4757191666194823,0.7671650857725176
0.2,0.35000000000000003,0.2,0.25,0.7999999999999998,0.46820277117241993,0.7670506927931049
0.05,0.5,0.35000000000000003,0.1,0.8058823529411764,0.45578840173927887,0.766888276905408
0.1,0.2,0.15000000000000002,0.55,0.7952941176470588,0.47681138447607996,0.7668499049425495
0.15000000000000002,0.35000000000000003,0.25,0.25,0.7999999999999998,0.46721612214049585,0.7668040305351238
0.25,0.35000000000000003,0.35000000000000003,0.05,0.7717647058823529,0.5236747840112416,0.7668010489439868
0.05,0.2,0.35000000000000003,0.4,0.7858823529411765,0.4953734949879249,0.7667845502175694
0.25,0.55,0.15000000000000002,0.05,0.8,0.4670965357334733,0.7667741339333684
0.1,0.15000000000000002,0.15000000000000002,0.6000000000000001,0.7905882352941177,0.48565609441611246,0.766708141251087
0.1,0.30000000000000004,0.15000000000000002,0.45,0.8047058823529412,0.4571983398102664,0.7666525261290371
0.2,0.2,0.2,0.4,0.7847058823529411,0.49714890394035677,0.7666401671615597
0.35000000000000003,0.2,0.1,0.35000000000000003,0.7823529411764706,0.5017897723948215,0.7666239136869406
0.4,0.25,0.25,0.1,0.7623529411764705,0.5412323127735936,0.7664845487816336
0.05,0.05,0.2,0.7000000000000001,0.78,0.5057665010810833,0.7664416252702708
0.05,0.35000000000000003,0.25,0.35000000000000003,0.8070588235294117,0.4514175028321498,0.7663837874727433
0.1,0.55,0.15000000000000002,0.2,0.8211764705882351,0.42306968662153493,0.7663556569495013
0.5,0.35000000000000003,0.05,0.1,0.7788235294117648,0.5076027344556782,0.7663124483198019
0.1,0.2,0.1,0.6000000000000001,0.7999999999999998,0.4643704480539482,0.766092612013487
0.1,0.30000000000000004,0.35000000000000003,0.25,0.7882352941176471,0.48777844727082414,0.7660622588765296
0.25,0.4,0.2,0.15000000000000002,0.7929411764705881,0.47778139418332033,0.7659159367811241
0.15000000000000002,0.05,0.05,0.75,0.7870588235294119,0.48899123031824926,0.7657772193442682
0.1,0.55,0.05,0.30000000000000004,0.8258823529411763,0.41086928631946235,0.7656584980504537
0.05,0.4,0.1,0.45,0.8223529411764706,0.41746835160192775,0.7655435584887172
0.1,0.45,0.2,0.25,0.8117647058823529,0.4386235750220865,0.7655382466966981
0.15000000000000002,0.55,0.25,0.05,0.7976470588235293,0.4665515628935195,0.7654614201351445
0.15000000000000002,0.1,0.4,0.35000000000000003,0.7670588235294118,0.5273288636075244,0.765361627666587
0.25,0.30000000000000004,0.2,0.25,0.7858823529411765,0.4894557331468128,0.7653051097572914
0.30000000000000004,0.5,0.1,0.1,0.7988235294117648,0.4634937723738199,0.7652852077993374
0.05,0.25,0.35000000000000003,0.35000000000000003,0.7882352941176469,0.484504030921157,0.7652436547891127
0.05,0.4,0.4,0.15000000000000002,0.7941176470588235,0.47253277089912904,0.7651920162541941
0.35000000000000003,0.30000000000000004,0.05,0.30000000000000004,0.7917647058823527,0.47685993914411684,0.7650973377272056
0.2,0.35000000000000003,0.30000000000000004,0.15000000000000002,0.7823529411764706,0.49565786663981865,0.76509093724819
0.2,0.45,0.1,0.25,0.8105882352941177,0.43916078750472975,0.7650843145232413
0.30000000000000004,0.4,0.25,0.05,0.7764705882352942,0.5073783482684002,0.7650798811847472
0.15000000000000002,0.4,0.25,0.2,0.7988235294117646,0.4625712686376826,0.765054581865303
0.4,0.30000000000000004,0.05,0.25,0.7870588235294117,0.48593424379953215,0.7650129727145889
0.25,0.4,0.1,0.25,0.8035294117647058,0.45219392308540274,0.7648131866537036
0.2,0.35000000000000003,0.1,0.35000000000000003,0.8023529411764705,0.4543241062105537,0.7647574971408737
0.05,0.05,0.30000000000000004,0.6000000000000001,0.7729411764705881,0.5130424303212157,0.764731195815598
0.05,0.1,0.1,0.75,0.8117647058823529,0.4353727193968663,0.764725532790393
0.35000000000000003,0.35000000000000003,0.15000000000000002,0.15000000000000002,0.7811764705882354,0.496408943383837,0.7646904711400769
0.2,0.25,0.05,0.5,0.796470588235294,0.4657689553283569,0.7646775329497362
0.1,0.5,0.30000000000000004,0.1,0.8,0.45855122876805293,0.7646378071920132
0.05,0.25,0.1,0.6000000000000001,0.8129411764705883,0.43261877133546545,0.7646252810691605
0.15000000000000002,0.5,0.15000000000000002,0.2,0.811764705882353,0.4348722462634719,0.7646004145070444
0.1,0.5,0.1,0.30000000000000004,0.8176470588235294,0.4224235844405942,0.7644294255219133
0.30000000000000004,0.05,0.2,0.45,0.7658823529411763,0.5259068655217977,0.7644178928510377
0.30000000000000004,0.45,0.05,0.2,0.8047058823529412,0.44790359905935734,0.7643288409413099
0.05,0.15000000000000002,0.2,0.6000000000000001,0.7858823529411764,0.4854798084615335,0.7643111285859716
0.05,0.8,0.1,0.05,0.8141176470588235,0.42865259953167084,0.7642219734123294
0.30000000000000004,0.5,0.15000000000000002,0.05,0.7894117647058821,0.4779969014032251,0.7642051077037473
0.15000000000000002,0.35000000000000003,0.15000000000000002,0.35000000000000003,0.8011764705882354,0.4542783131111093,0.7641578135718949
0.1,0.4,0.1,0.4,0.8129411764705882,0.43050068318161805,0.7640957590306986
0.1,0.15000000000000002,0.25,0.5,0.7776470588235292,0.500957176942479,0.7640628236473843
0.1,0.4,0.35000000000000003,0.15000000000000002,0.7905882352941176,0.47501517636779356,0.7640479117390072
0.15000000000000002,0.6000000000000001,0.2,0.05,0.7976470588235294,0.4603773247389539,0.7639178605965031
0.2,0.35000000000000003,0.25,0.2,0.7870588235294117,0.4814627748564475,0.7638951054788177
0.1,0.6000000000000001,0.2,0.1,0.8082352941176469,0.43909300672623913,0.7638908987403832
0.30000000000000004,0.35000000000000003,0.05,0.30000000000000004,0.7976470588235294,0.4599637536248107,0.7638144678179674
0.1,0.55,0.30000000000000004,0.05,0.7952941176470587,0.4644876923711518,0.7637689819163174
0.15000000000000002,0.75,0.05,0.05,0.8082352941176469,0.43843788575166737,0.7637271184967402
0.2,0.4,0.15000000000000002,0.25,0.8011764705882354,0.45252964593049044,0.7637206467767403
0.05,0.4,0.45,0.1,0.7823529411764706,0.4900929563603803,0.7636997096783305
0.25,0.45,0.15000000000000002,0.15000000000000002,0.7964705882352942,0.4618516528016794,0.7636982073180669
0.30000000000000004,0.25,0.1,0.35000000000000003,0.784705882352941,0.4853115625167806,0.7636808318056656
0.2,0.6000000000000001,0.1,0.1,0.8070588235294117,0.44010517405022,0.7635557052772608
0.30000000000000004,0.30000000000000004,0.05,0.35000000000000003,0.7917647058823529,0.47055108325981027,0.7635201237561291
0.05,0.2,0.15000000000000002,0.6000000000000001,0.7952941176470587,0.46343791178381055,0.763506536769482
0.05,0.30000000000000004,0.25,0.4,0.796470588235294,0.4609099928682172,0.7634627923347013
0.15000000000000002,0.25,0.2,0.4,0.7858823529411764,0.48182286242696487,0.7633968920773294
0.2,0.2,0.30000000000000004,0.30000000000000004,0.7705882352941176,0.5121739694337357,0.7633376100054927
0.1,0.4,0.05,0.45,0.8164705882352941,0.4201505338364893,0.7632729275767693
0.25,0.35000000000000003,0.1,0.30000000000000004,0.7964705882352942,0.4596509972425742,0.7631480434282907
0.1,0.4,0.15000000000000002,0.35000000000000003,0.8070588235294117,0.43840167075088526,0.7631298294524271
0.05,0.7000000000000001,0.15000000000000002,0.1,0.8152941176470588,0.4215426440596015,0.7630327198384298
0.30000000000000004,0.35000000000000003,0.1,0.25,0.7917647058823529,0.468494973094753,0.7630060962148647
0.15000000000000002,0.25,0.05,0.55,0.796470588235294,0.45879064627804933,0.7629329556871594
0.35000000000000003,0.25,0.05,0.35000000000000003,0.7835294117647058,0.48449385856089866,0.7628881705225776
0.25,0.6000000000000001,0.05,0.1,0.8058823529411764,0.43970041199032106,0.7628662794681684
0.25,0.45,0.1,0.2,0.8011764705882353,0.448937649192691,0.7628226475922903
0.30000000000000004,0.4,0.15000000000000002,0.15000000000000002,0.7870588235294117,0.47697851181077006,0.7627740397173983
0.2,0.35000000000000003,0.15000000000000002,0.30000000000000004,0.7952941176470588,0.46036945951195,0.7627394237015169
0.2,0.55,0.15000000000000002,0.1,0.7999999999999998,0.45055652264946455,0.7626391306623661
0.25,0.45,0.05,0.25,0.8058823529411764,0.43861717797079003,0.7625954709632856
0.2,0.25,0.1,0.45,0.7882352941176471,0.47384892050766664,0.7625798771857402
0.05,0.05,0.1,0.8,0.8035294117647058,0.44297877843177236,0.762509400490296
0.30000000000000004,0.2,0.2,0.30000000000000004,0.7682352941176471,0.5131332125191219,0.762400950188604
0.30000000000000004,0.45,0.15000000000000002,0.1,0.7858823529411764,0.4772351279504815,0.7622499584582085
0.05,0.4,0.25,0.30000000000000004,0.8023529411764706,0.44374722858832805,0.7621132777353172
0.15000000000000002,0.30000000000000004,0.30000000000000004,0.25,0.78,0.48818646029121804,0.7620466150728045
0.4,0.35000000000000003,0.05,0.2,0.7835294117647058,0.4809858974040647,0.7620111802333691
0.1,0.25,0.2,0.45,0.7858823529411764,0.47535268199766867,0.7617793469700054
0.2,0.45,0.15000000000000002,0.2,0.7988235294117646,0.4491785698349593,0.7617064071646221
0.45,0.45,0.05,0.05,0.7776470588235292,0.4912957418303694,0.761647464869357
0.05,0.25,0.15000000000000002,0.55,0.7941176470588234,0.457780716174194,0.7615040025729602
0.30000000000000004,0.55,0.1,0.05,0.7894117647058821,0.4671069527896828,0.7614826205503618
0.15000000000000002,0.5,0.1,0.25,0.8082352941176469,0.42922983728062264,0.7614251063789792
0.30000000000000004,0.25,0.05,0.4,0.7823529411764705,0.4804110017449319,0.7612792210244682
0.4,0.25,0.05,0.30000000000000004,0.776470588235294,0.4916901567471878,0.761157833304444
0.1,0.4,0.25,0.25,0.7964705882352942,0.45135933510888593,0.7610751278948686
0.05,0.65,0.05,0.25,0.8223529411764704,0.39923825853933764,0.7609860352230696
0.15000000000000002,0.6000000000000001,0.15000000000000002,0.1,0.8011764705882353,0.44120829835492953,0.76089030988285
0.30000000000000004,0.45,0.2,0.05,0.7752941176470588,0.49294866298092843,0.7608842245687615
0.25,0.35000000000000003,0.15000000000000002,0.25,0.7870588235294117,0.46904830055361313,0.7607914869031092
0.05,0.6000000000000001,0.25,0.1,0.8035294117647056,0.4359864867556802,0.7607613275712728
0.25,0.55,0.05,0.15000000000000002,0.8047058823529412,0.43358958504368844,0.7607503374373927
0.15000000000000002,0.30000000000000004,0.15000000000000002,0.4,0.7882352941176469,0.46643131231177215,0.7607254751367665
0.25,0.4,0.15000000000000002,0.2,0.7894117647058824,0.46373895771695234,0.7606406217821793
0.25,0.5,0.15000000000000002,0.1,0.7894117647058821,0.46273357196647696,0.7603892753445602
0.05,0.2,0.2,0.55,0.7835294117647058,0.474493939035109,0.7603881906411302
0.1,0.2,0.30000000000000004,0.4,0.7729411764705881,0.4947568611908251,0.7601598035330004
0.2,0.65,0.1,0.05,0.7941176470588235,0.4517064188374236,0.7599854282387677
0.15000000000000002,0.30000000000000004,0.05,0.5,0.7952941176470588,0.44926347933003613,0.7599629286560384
0.2,0.4,0.2,0.2,0.7882352941176469,0.4631291404499226,0.7598999321713041
0.5,0.4,0.05,0.05,0.7670588235294118,0.5048285115868897,0.7597365396614283
0.15000000000000002,0.7000000000000001,0.05,0.1,0.8082352941176469,0.42234587599779644,0.7597041160582726
0.2,0.2,0.05,0.55,0.781176470588235,0.47632538336037267,0.7596695811342107
0.2,0.5,0.05,0.25,0.804705882352941,0.42920662612182015,0.7596545977069256
0.4,0.5,0.05,0.05,0.78,0.4776640100398588,0.7594160025099648
0.30000000000000004,0.30000000000000004,0.1,0.30000000000000004,0.78,0.47746073761751556,0.759365184404379
0.1,0.2,0.05,0.65,0.7976470588235293,0.4416944742534592,0.7592471479751295
0.1,0.65,0.2,0.05,0.7917647058823529,0.4533197691570122,0.7592122952304295
0.1,0.35000000000000003,0.25,0.30000000000000004,0.7894117647058824,0.4580239439497166,0.7592118683403704
0.05,0.45,0.25,0.25,0.7999999999999998,0.4364056858767018,0.7591014214691754
0.1,0.1,0.05,0.75,0.7976470588235293,0.4404274735745545,0.7589303978054032
0.35000000000000003,0.4,0.05,0.2,0.7858823529411765,0.46376786679576193,0.7588831431695287
0.15000000000000002,0.30000000000000004,0.1,0.45,0.7894117647058824,0.4564160118976195,0.7588098853273461
0.1,0.6000000000000001,0.25,0.05,0.7882352941176471,0.458279196783414,0.7586874462546771
0.2,0.4,0.1,0.30000000000000004,0.7941176470588235,0.4461353212460756,0.7585926538409307
0.2,0.45,0.2,0.15000000000000002,0.7858823529411765,0.46254921104550734,0.7585784792319651
0.25,0.30000000000000004,0.05,0.4,0.784705882352941,0.4648365239279125,0.7585620721584487
0.1,0.55,0.25,0.1,0.7929411764705879,0.4480346512195232,0.7584792510401748
0.15000000000000002,0.35000000000000003,0.30000000000000004,0.2,0.7764705882352939,0.4809617074614574,0.7584757209830113
0.05,0.35000000000000003,0.2,0.4,0.7952941176470588,0.44325951460096213,0.75846193747377
0.25,0.65,0.05,0.05,0.7917647058823529,0.4502719762147485,0.7584503469948636
0.30000000000000004,0.4,0.1,0.2,0.7847058823529411,0.4640163380559538,0.758357025690459
0.25,0.15000000000000002,0.05,0.55,0.7694117647058824,0.4943566784408706,0.7582950519631588
0.15000000000000002,0.65,0.1,0.1,0.8011764705882354,0.4307326199868198,0.7582713902908227
0.2,0.55,0.2,0.05,0.7823529411764705,0.467507799714362,0.7580534205168257
0.25,0.25,0.2,0.30000000000000004,0.7694117647058824,0.4933652403596153,0.758047192442845
0.15000000000000002,0.5,0.05,0.30000000000000004,0.8047058823529412,0.4225757853222593,0.7579968875070354
0.1,0.30000000000000004,0.1,0.5,0.791764705882353,0.44825655549072446,0.7579464918138576
0.15000000000000002,0.55,0.15000000000000002,0.15000000000000002,0.7988235294117646,0.4341180933417809,0.7579412880413275
0.15000000000000002,0.35000000000000003,0.45,0.05,0.7552941176470589,0.5211344555152645,0.7579306727023456
0.2,0.55,0.05,0.2,0.8047058823529412,0.4221925565060686,0.7579010803029878
0.1,0.55,0.2,0.15000000000000002,0.7988235294117646,0.4336558976464718,0.7578257391175003
0.1,0.15000000000000002,0.05,0.7000000000000001,0.7905882352941177,0.4500821271131585,0.7578146494253485
0.1,0.35000000000000003,0.30000000000000004,0.25,0.7811764705882354,0.468529964615779,0.7577207264480624
0.35000000000000003,0.4,0.15000000000000002,0.1,0.7694117647058821,0.4918187619478414,0.7576605728399014
0.1,0.55,0.1,0.25,0.8058823529411765,0.41871088268570955,0.7576188971420157
0.05,0.55,0.1,0.30000000000000004,0.8105882352941175,0.40924904955667474,0.7576063800362274
0.30000000000000004,0.55,0.05,0.1,0.7905882352941176,0.4490907939015966,0.757566816122458
0.05,0.55,0.05,0.35000000000000003,0.8164705882352941,0.39697338777131663,0.7574786410604761
0.1,0.35000000000000003,0.05,0.5,0.8011764705882354,0.4270029293416068,0.7573389676295194
0.05,0.2,0.1,0.65,0.7952941176470588,0.4386831759644932,0.7573178528146527
0.15000000000000002,0.55,0.2,0.1,0.7894117647058824,0.450077093367876,0.7572251556949101
0.15000000000000002,0.45,0.2,0.2,0.7905882352941176,0.44734362985324955,0.7571300251103712
0.05,0.55,0.25,0.15000000000000002,0.7988235294117648,0.4308426282951799,0.7571224217796774
0.1,0.4,0.2,0.30000000000000004,0.7917647058823529,0.44495641110961365,0.7571214557185799
0.05,0.30000000000000004,0.2,0.45,0.7870588235294117,0.4536578340919188,0.7569438702876856
0.1,0.75,0.1,0.05,0.7941176470588236,0.43937692394279493,0.7569030545151105
0.15000000000000002,0.45,0.1,0.30000000000000004,0.796470588235294,0.43413599110278517,0.7567692918933433
0.1,0.45,0.05,0.4,0.8035294117647058,0.4199807148463357,0.7567598845939368
0.1,0.8,0.05,0.05,0.7988235294117646,0.4293323998407525,0.7567448646660704
0.05,0.8500000000000001,0.05,0.05,0.8047058823529412,0.41751033443584595,0.7567305247854321
0.25,0.4,0.05,0.30000000000000004,0.7905882352941176,0.4456068479045475,0.7566958296231957
0.05,0.25,0.05,0.65,0.8211764705882352,0.3840965779469153,0.7566123797808464
0.1,0.30000000000000004,0.05,0.55,0.7976470588235294,0.4306749766120228,0.7564922735647703
0.1,0.65,0.05,0.2,0.8082352941176469,0.4092290194452383,0.756424901920133
0.15000000000000002,0.45,0.05,0.35000000000000003,0.7988235294117646,0.42786827909484965,0.7563788344795948
0.2,0.55,0.1,0.15000000000000002,0.7952941176470587,0.43488535497514497,0.7563683975673157
0.15000000000000002,0.2,0.05,0.6000000000000001,0.78,0.46542215125233494,0.7563555378130837
0.05,0.75,0.1,0.1,0.8058823529411764,0.41239828644900556,0.7560407480828395
0.1,0.25,0.25,0.4,0.7705882352941176,0.4821925980092734,0.7558422671493772
0.05,0.4,0.30000000000000004,0.25,0.7870588235294116,0.44906373752070344,0.7557953461448816
0.05,0.8,0.05,0.1,0.8082352941176469,0.40632112267394926,0.7556979277273108
0.30000000000000004,0.45,0.1,0.15000000000000002,0.7799999999999998,0.46258748848359266,0.7556468721208981
0.25,0.5,0.2,0.05,0.7717647058823529,0.47885588906173593,0.7555963252066105
0.15000000000000002,0.4,0.05,0.4,0.7952941176470587,0.43136830511155094,0.755489135101417
0.05,0.65,0.2,0.1,0.796470588235294,0.42897217244397734,0.7554783372286413
0.1,0.45,0.25,0.2,0.7870588235294117,0.4474184019446326,0.7553840122508639
0.1,0.30000000000000004,0.2,0.4,0.7788235294117648,0.463670827372817,0.7553294715490866
0.15000000000000002,0.45,0.15000000000000002,0.25,0.7905882352941174,0.439626548769614,0.7552007548394621
0.05,0.5,0.25,0.2,0.7941176470588235,0.4324108496900488,0.7551615359519239
0.05,0.5,0.15000000000000002,0.30000000000000004,0.8,0.4201788486537031,0.7550447121634258
0.45,0.35000000000000003,0.1,0.1,0.7552941176470587,0.5090888778371917,0.7549192782828272
0.15000000000000002,0.6000000000000001,0.1,0.15000000000000002,0.7976470588235293,0.42425911868389976,0.7548883090827396
0.05,0.4,0.35000000000000003,0.2,0.78,0.4588247638849636,0.7547061909712409
0.1,0.35000000000000003,0.1,0.45,0.7905882352941176,0.4375810304435886,0.754689375257956
0.05,0.45,0.1,0.4,0.7999999999999998,0.41845510550354525,0.7546137763758862
0.30000000000000004,0.6000000000000001,0.05,0.05,0.7799999999999998,0.4576337238206336,0.7544084309551583
0.25,0.5,0.05,0.2,0.7917647058823529,0.43388521270933883,0.7543536561185111
0.05,0.55,0.30000000000000004,0.1,0.7858823529411764,0.44560132476736264,0.7543415076624289
0.15000000000000002,0.55,0.1,0.2,0.796470588235294,0.42374763423269995,0.754172202675822
0.2,0.7000000000000001,0.05,0.05,0.7858823529411764,0.4444753039129309,0.7540600024488209
0.05,0.4,0.15000000000000002,0.4,0.7929411764705881,0.4293325746235747,0.7538037318911878
0.15000000000000002,0.65,0.05,0.15000000000000002,0.7999999999999998,0.41473453852165676,0.7536836346304141
0.15000000000000002,0.5,0.25,0.1,0.776470588235294,0.46171644081034263,0.7536644043202327
0.05,0.5,0.2,0.25,0.7941176470588234,0.42558054673367096,0.7534539602128294
0.05,0.5,0.1,0.35000000000000003,0.8,0.4137691430809253,0.7534422857702313
0.1,0.6000000000000001,0.15000000000000002,0.15000000000000002,0.7952941176470588,0.4224466208165743,0.753258714027673
0.1,0.35000000000000003,0.15000000000000002,0.4,0.7823529411764706,0.44744514371644556,0.7530377565173467
0.05,0.05,0.05,0.8500000000000001,0.8082352941176469,0.3953296252406466,0.7529500533689851
0.35000000000000003,0.4,0.1,0.15000000000000002,0.7670588235294116,0.4773779954294353,0.7528739106220645
0.05,0.7000000000000001,0.1,0.15000000000000002,0.8011764705882353,0.4090854877915597,0.7528596072420075
0.1,0.7000000000000001,0.15000000000000002,0.05,0.7823529411764707,0.4460359047767472,0.7526854467824222
0.05,0.6000000000000001,0.30000000000000004,0.05,0.7764705882352942,0.45725157865794125,0.7525481887821324
0.05,0.30000000000000004,0.05,0.6000000000000001,0.8152941176470587,0.37958676165261646,0.7525437492366835
0.15000000000000002,0.4,0.1,0.35000000000000003,0.7858823529411764,0.43838751334227843,0.7525380548061578
0.05,0.45,0.30000000000000004,0.2,0.7823529411764705,0.4452279187457856,0.7524834502746817
0.2,0.65,0.05,0.1,0.7894117647058824,0.4306074405294833,0.7523577424853121
0.15000000000000002,0.4,0.15000000000000002,0.30000000000000004,0.7811764705882352,0.44654155148168195,0.7522236231645381
0.05,0.35000000000000003,0.1,0.5,0.7917647058823529,0.4239272410609029,0.7518641632064023
0.15000000000000002,0.35000000000000003,0.05,0.45,0.7835294117647058,0.43932029430836733,0.7515947794594448
0.2,0.6000000000000001,0.05,0.15000000000000002,0.7917647058823527,0.42284750269781807,0.7515942286156309
0.1,0.5,0.15000000000000002,0.25,0.7894117647058824,0.4274997669922972,0.7515808241010156
0.05,0.55,0.35000000000000003,0.05,0.7694117647058821,0.4667504307887406,0.7513934900501262
0.05,0.55,0.2,0.2,0.7917647058823529,0.42086424201309847,0.751098413444451
0.05,0.45,0.05,0.45,0.8070588235294116,0.3897669521813338,0.7509711498100393
0.1,0.7000000000000001,0.1,0.1,0.7905882352941176,0.4222343296006,0.7508527000472087
0.05,0.30000000000000004,0.1,0.55,0.7870588235294117,0.4286925898414148,0.7507025592250596
0.05,0.65,0.25,0.05,0.7752941176470588,0.4512057709212069,0.7504485015538311
0.2,0.5,0.2,0.1,0.7682352941176469,0.462801981963128,0.7498181425496054
0.05,0.75,0.15000000000000002,0.05,0.7811764705882352,0.436395478559879,0.7496871049340874
0.05,0.6000000000000001,0.05,0.30000000000000004,0.8011764705882353,0.3952713876042538,0.7494060821951811
0.1,0.5,0.05,0.35000000000000003,0.7905882352941176,0.4150882989540064,0.7490661923855604
0.2,0.4,0.05,0.35000000000000003,0.7776470588235295,0.44036664915239154,0.7489151916998626
0.1,0.7000000000000001,0.05,0.15000000000000002,0.7929411764705881,0.4097196697840191,0.7489005056812988
0.05,0.7000000000000001,0.05,0.2,0.7976470588235294,0.3996249830119744,0.7487297751647584
0.05,0.5,0.30000000000000004,0.15000000000000002,0.7752941176470588,0.4420030358479603,0.7481478177855194
0.05,0.1,0.05,0.8,0.8023529411764705,0.38545425595403304,0.7475400345767436
0.05,0.45,0.15000000000000002,0.35000000000000003,0.7823529411764706,0.4243228794574774,0.7472571904526046
0.1,0.65,0.15000000000000002,0.1,0.7788235294117647,0.4310720132711758,0.7471797680236762
0.05,0.55,0.15000000000000002,0.25,0.7858823529411764,0.4150673949284585,0.7467080252027027
0.15000000000000002,0.4,0.2,0.25,0.7670588235294118,0.45195076522300903,0.7465171030704582
0.05,0.6000000000000001,0.15000000000000002,0.2,0.7858823529411763,0.4140672526626524,0.7464579896362512
0.05,0.2,0.05,0.7000000000000001,0.7988235294117646,0.38688824414137,0.7461338257412249
0.15000000000000002,0.55,0.05,0.25,0.7823529411764705,0.41924208263926543,0.7459869912480516
0.1,0.45,0.15000000000000002,0.30000000000000004,0.7752941176470587,0.43325379228547184,0.7459605068948973
0.1,0.65,0.1,0.15000000000000002,0.7835294117647059,0.4163397439617258,0.7458496418727845
0.1,0.75,0.05,0.1,0.7847058823529411,0.4133287952384045,0.7456851399860717
0.1,0.25,0.05,0.6000000000000001,0.7705882352941177,0.4360284346330339,0.7443012263053173
0.05,0.45,0.2,0.30000000000000004,0.7717647058823529,0.4311641238185317,0.7436733838958094
0.05,0.4,0.05,0.5,0.8011764705882353,0.37056915654475764,0.743230524430307
0.1,0.45,0.1,0.35000000000000003,0.7729411764705881,0.4262655206142928,0.7430369683888673
0.05,0.65,0.1,0.2,0.78,0.4081132408641937,0.7420283102160484
0.25,0.5,0.1,0.15000000000000002,0.7599999999999999,0.4472955296205507,0.7418238824051376
0.1,0.6000000000000001,0.05,0.25,0.7776470588235292,0.40968383930544605,0.7412444892381261
0.05,0.6000000000000001,0.2,0.15000000000000002,0.7705882352941177,0.4218774929905777,0.7407634908947033
0.05,0.15000000000000002,0.05,0.75,0.7929411764705883,0.37649562257042063,0.7405944938778992
0.1,0.6000000000000001,0.1,0.2,0.7729411764705881,0.41567875028432455,0.7403902758063752
0.05,0.5,0.05,0.4,0.7835294117647059,0.3936202142819179,0.7401697594528325
0.05,0.6000000000000001,0.1,0.25,0.7729411764705882,0.4072896991620468,0.7382930130258059
0.15000000000000002,0.6000000000000001,0.05,0.2,0.7682352941176469,0.4149712294196251,0.7378604544137297
0.05,0.75,0.05,0.15000000000000002,0.7694117647058824,0.4025444154495358,0.7353419862153252
0.05,0.35000000000000003,0.05,0.55,0.78,0.37353291390605603,0.733383228476514
0.05,0.65,0.15000000000000002,0.15000000000000002,0.7494117647058823,0.4151403492784895,0.7284909696725635
